-- MySQL dump 10.13  Distrib 5.7.9, for Win64 (x86_64)
--
-- Host: localhost    Database: beio
-- ------------------------------------------------------
-- Server version	5.5.48

/*!40101 SET @OLD_CHARACTER_SET_CLIENT=@@CHARACTER_SET_CLIENT */;
/*!40101 SET @OLD_CHARACTER_SET_RESULTS=@@CHARACTER_SET_RESULTS */;
/*!40101 SET @OLD_COLLATION_CONNECTION=@@COLLATION_CONNECTION */;
/*!40101 SET NAMES utf8 */;
/*!40103 SET @OLD_TIME_ZONE=@@TIME_ZONE */;
/*!40103 SET TIME_ZONE='+00:00' */;
/*!40014 SET @OLD_UNIQUE_CHECKS=@@UNIQUE_CHECKS, UNIQUE_CHECKS=0 */;
/*!40014 SET @OLD_FOREIGN_KEY_CHECKS=@@FOREIGN_KEY_CHECKS, FOREIGN_KEY_CHECKS=0 */;
/*!40101 SET @OLD_SQL_MODE=@@SQL_MODE, SQL_MODE='NO_AUTO_VALUE_ON_ZERO' */;
/*!40111 SET @OLD_SQL_NOTES=@@SQL_NOTES, SQL_NOTES=0 */;

--
-- Table structure for table `gds_banner`
--

DROP TABLE IF EXISTS `gds_banner`;
/*!40101 SET @saved_cs_client     = @@character_set_client */;
/*!40101 SET character_set_client = utf8 */;
CREATE TABLE `gds_banner` (
  `id` int(11) NOT NULL AUTO_INCREMENT COMMENT '主键',
  `url` varchar(100) NOT NULL DEFAULT '' COMMENT '请求',
  `path` varchar(200) NOT NULL DEFAULT '' COMMENT '图片',
  `sort` varchar(10) NOT NULL DEFAULT '' COMMENT '排序号码',
  `enable` varchar(1) NOT NULL DEFAULT '1' COMMENT '是否启用（0：否、1：是）',
  `exist` varchar(1) NOT NULL DEFAULT '1' COMMENT '是否删除（0：否、1：是）',
  `creator` varchar(10) NOT NULL DEFAULT '' COMMENT '创建人',
  `createTime` varchar(23) NOT NULL DEFAULT '' COMMENT '创建时间',
  `modifier` varchar(10) NOT NULL DEFAULT '' COMMENT '修改人',
  `modifyTime` varchar(23) NOT NULL DEFAULT '' COMMENT '修改时间',
  PRIMARY KEY (`id`)
) ENGINE=InnoDB AUTO_INCREMENT=6 DEFAULT CHARSET=utf8 COMMENT='商品轮播图';
/*!40101 SET character_set_client = @saved_cs_client */;

--
-- Dumping data for table `gds_banner`
--

LOCK TABLES `gds_banner` WRITE;
/*!40000 ALTER TABLE `gds_banner` DISABLE KEYS */;
INSERT INTO `gds_banner` VALUES (1,'http://www.baidu.com','\\data\\image\\goods\\banner\\banner1.jpg','1','1','1','','','',''),(2,'http://www.baidu.com','\\data\\image\\goods\\banner\\banner2.jpg','2','1','1','','','',''),(3,'http://www.baidu.com','\\data\\image\\goods\\banner\\banner3.jpg','3','1','1','','','',''),(4,'http://www.baidu.com','\\data\\image\\goods\\banner\\banner4.jpg','4','1','1','','','',''),(5,'http://www.baidu.com','\\data\\image\\goods\\banner\\banner5.jpg','5','1','1','','','','');
/*!40000 ALTER TABLE `gds_banner` ENABLE KEYS */;
UNLOCK TABLES;

--
-- Table structure for table `gds_brand`
--

DROP TABLE IF EXISTS `gds_brand`;
/*!40101 SET @saved_cs_client     = @@character_set_client */;
/*!40101 SET character_set_client = utf8 */;
CREATE TABLE `gds_brand` (
  `id` int(11) NOT NULL AUTO_INCREMENT COMMENT '主键',
  `name` varchar(10) NOT NULL DEFAULT '' COMMENT '名称',
  `enable` varchar(1) NOT NULL DEFAULT '1' COMMENT '是否启用（0：否、1：是）',
  `exist` varchar(1) NOT NULL DEFAULT '1' COMMENT '是否删除（0：否、1：是）',
  `creator` varchar(10) NOT NULL DEFAULT '' COMMENT '创建人',
  `createTime` varchar(23) NOT NULL DEFAULT '' COMMENT '创建时间',
  `modifier` varchar(10) NOT NULL DEFAULT '' COMMENT '修改人',
  `modifyTime` varchar(23) NOT NULL DEFAULT '' COMMENT '修改时间',
  PRIMARY KEY (`id`)
) ENGINE=InnoDB AUTO_INCREMENT=10002 DEFAULT CHARSET=utf8 COMMENT='商品品牌表';
/*!40101 SET character_set_client = @saved_cs_client */;

--
-- Dumping data for table `gds_brand`
--

LOCK TABLES `gds_brand` WRITE;
/*!40000 ALTER TABLE `gds_brand` DISABLE KEYS */;
INSERT INTO `gds_brand` VALUES (10000,'海尔','1','1','','','',''),(10001,'西门子','1','1','','','','');
/*!40000 ALTER TABLE `gds_brand` ENABLE KEYS */;
UNLOCK TABLES;

--
-- Table structure for table `gds_classify`
--

DROP TABLE IF EXISTS `gds_classify`;
/*!40101 SET @saved_cs_client     = @@character_set_client */;
/*!40101 SET character_set_client = utf8 */;
CREATE TABLE `gds_classify` (
  `id` int(11) NOT NULL AUTO_INCREMENT COMMENT '主键',
  `name` varchar(10) NOT NULL DEFAULT '' COMMENT '名称',
  `level` varchar(1) NOT NULL DEFAULT '' COMMENT '级别',
  `pid` varchar(10) NOT NULL DEFAULT '' COMMENT '上级',
  `sort` varchar(10) NOT NULL DEFAULT '' COMMENT '排序号码',
  `isShow` varchar(1) NOT NULL DEFAULT '1' COMMENT '首页展示（0：否、1：是）',
  `enable` varchar(1) NOT NULL DEFAULT '1' COMMENT '是否启用（0：否、1：是）',
  `exist` varchar(1) NOT NULL DEFAULT '1' COMMENT '是否删除（0：否、1：是）',
  `creator` varchar(10) NOT NULL DEFAULT '' COMMENT '创建人',
  `createTime` varchar(23) NOT NULL DEFAULT '' COMMENT '创建时间',
  `modifier` varchar(10) NOT NULL DEFAULT '' COMMENT '修改人',
  `modifyTime` varchar(23) NOT NULL DEFAULT '' COMMENT '修改时间',
  PRIMARY KEY (`id`)
) ENGINE=InnoDB AUTO_INCREMENT=10019 DEFAULT CHARSET=utf8 COMMENT='商品分类表';
/*!40101 SET character_set_client = @saved_cs_client */;

--
-- Dumping data for table `gds_classify`
--

LOCK TABLES `gds_classify` WRITE;
/*!40000 ALTER TABLE `gds_classify` DISABLE KEYS */;
INSERT INTO `gds_classify` VALUES (10000,'家用电器','1','0','1','1','1','1','','','',''),(10001,'手机/运营商/数码','1','0','2','1','1','1','','','',''),(10002,'电脑办公','1','0','4','1','1','1','','','',''),(10003,'汽车用品','1','0','5','1','1','1','','','',''),(10004,'图书/电子书/儿童读','1','0','3','1','1','1','','','',''),(10005,'冰箱','2','10000','1','1','1','1','','','',''),(10006,'洗衣机','2','10000','2','1','1','1','','','',''),(10007,'扫地机器人','2','10000','3','1','1','1','','','',''),(10008,'加湿器','2','10000','4','1','1','1','','','',''),(10009,'电风扇','2','10000','5','1','1','1','','','',''),(10010,'饮水机','2','10000','6','1','1','1','','','',''),(10011,'手机壳','2','10001','1','1','1','1','','','',''),(10012,'贴膜','2','10001','2','1','1','1','','','',''),(10013,'存储卡','2','10001','3','1','1','1','','','',''),(10014,'台式机','2','10002','1','1','1','1','','','',''),(10015,'笔记本','2','10002','2','1','1','1','','','',''),(10016,'鼠标','2','10002','3','1','1','1','','','',''),(10017,'键盘','2','10002','4','1','1','1','','','',''),(10018,'显示器','2','10002','5','1','1','1','','','','');
/*!40000 ALTER TABLE `gds_classify` ENABLE KEYS */;
UNLOCK TABLES;

--
-- Table structure for table `gds_goods`
--

DROP TABLE IF EXISTS `gds_goods`;
/*!40101 SET @saved_cs_client     = @@character_set_client */;
/*!40101 SET character_set_client = utf8 */;
CREATE TABLE `gds_goods` (
  `id` int(11) NOT NULL AUTO_INCREMENT COMMENT '主键',
  `name` varchar(50) NOT NULL DEFAULT '' COMMENT '名称',
  `descr` varchar(50) NOT NULL DEFAULT '' COMMENT '描述',
  `mPrice` varchar(10) NOT NULL DEFAULT '' COMMENT '会员价',
  `cPrice` varchar(10) NOT NULL DEFAULT '' COMMENT '普通价',
  `salds` varchar(10) NOT NULL DEFAULT '' COMMENT '已售数量',
  `stock` varchar(10) NOT NULL DEFAULT '' COMMENT '库存数量',
  `heatUp` varchar(10) NOT NULL DEFAULT '' COMMENT '热度',
  `brandID` varchar(10) NOT NULL DEFAULT '' COMMENT '品牌ID',
  `classifyID` varchar(10) NOT NULL DEFAULT '' COMMENT '分类ID',
  `remark` varchar(200) NOT NULL DEFAULT '' COMMENT '备注',
  `enable` varchar(1) NOT NULL DEFAULT '1' COMMENT '是否启用（0：否、1：是）',
  `exist` varchar(1) NOT NULL DEFAULT '1' COMMENT '是否删除（0：否、1：是）',
  `creator` varchar(10) NOT NULL DEFAULT '' COMMENT '创建人',
  `createTime` varchar(23) NOT NULL DEFAULT '' COMMENT '创建时间',
  `modifier` varchar(10) NOT NULL DEFAULT '' COMMENT '修改人',
  `modifyTime` varchar(23) NOT NULL DEFAULT '' COMMENT '修改时间',
  PRIMARY KEY (`id`),
  KEY `brandID` (`brandID`),
  KEY `classifyID` (`classifyID`)
) ENGINE=InnoDB AUTO_INCREMENT=10011 DEFAULT CHARSET=utf8 COMMENT='商品详情表';
/*!40101 SET character_set_client = @saved_cs_client */;

--
-- Dumping data for table `gds_goods`
--

LOCK TABLES `gds_goods` WRITE;
/*!40000 ALTER TABLE `gds_goods` DISABLE KEYS */;
INSERT INTO `gds_goods` VALUES (10000,'海尔冰箱US8890','海尔冰箱','1500.00','1900.00','0','999','999','10000','10005','','1','1','','','',''),(10001,'海尔冰箱US8891','海尔冰箱','1699.00','2900.00','0','999','999','10000','10005','','1','1','','','',''),(10002,'海尔洗衣机CH690','海尔洗衣机','1350.00','1950.00','0','999','999','10000','10006','','1','1','','','',''),(10003,'海尔洗衣机US700','海尔洗衣机','1510.00','1910.00','0','999','999','10000','10006','','1','1','','','',''),(10004,'西门子扫地智能机器人HK110','扫地机器人','152.00','190.00','0','999','999','10001','10007','','1','1','','','',''),(10005,'西门子扫地智能机器人HK111','扫地机器人','159.00','199.00','0','999','999','10001','10007','','1','1','','','','');
/*!40000 ALTER TABLE `gds_goods` ENABLE KEYS */;
UNLOCK TABLES;

--
-- Table structure for table `gds_image`
--

DROP TABLE IF EXISTS `gds_image`;
/*!40101 SET @saved_cs_client     = @@character_set_client */;
/*!40101 SET character_set_client = utf8 */;
CREATE TABLE `gds_image` (
  `id` int(11) NOT NULL AUTO_INCREMENT COMMENT '主键',
  `orgPath` varchar(200) NOT NULL DEFAULT '' COMMENT '原图',
  `smaPath` varchar(200) NOT NULL DEFAULT '' COMMENT '小图',
  `midPath` varchar(200) NOT NULL DEFAULT '' COMMENT '中图',
  `bigPath` varchar(200) NOT NULL DEFAULT '' COMMENT '大图',
  `sortNum` varchar(10) NOT NULL DEFAULT '' COMMENT '排序号码',
  `goodsID` varchar(10) NOT NULL DEFAULT '' COMMENT '商品ID',
  `category` varchar(1) NOT NULL DEFAULT '' COMMENT '类型（0：预览、1：详情）',
  `enable` varchar(1) NOT NULL DEFAULT '1' COMMENT '是否启用（0：否、1：是）',
  `exist` varchar(1) NOT NULL DEFAULT '1' COMMENT '是否删除（0：否、1：是）',
  `creator` varchar(10) NOT NULL DEFAULT '' COMMENT '创建人',
  `createTime` varchar(23) NOT NULL DEFAULT '' COMMENT '创建时间',
  `modifier` varchar(10) NOT NULL DEFAULT '' COMMENT '修改人',
  `modifyTime` varchar(23) NOT NULL DEFAULT '' COMMENT '修改时间',
  PRIMARY KEY (`id`),
  KEY `goodsID` (`goodsID`)
) ENGINE=InnoDB AUTO_INCREMENT=10000 DEFAULT CHARSET=utf8 COMMENT='商品图片表';
/*!40101 SET character_set_client = @saved_cs_client */;

--
-- Dumping data for table `gds_image`
--

LOCK TABLES `gds_image` WRITE;
/*!40000 ALTER TABLE `gds_image` DISABLE KEYS */;
/*!40000 ALTER TABLE `gds_image` ENABLE KEYS */;
UNLOCK TABLES;

--
-- Table structure for table `gds_navbar`
--

DROP TABLE IF EXISTS `gds_navbar`;
/*!40101 SET @saved_cs_client     = @@character_set_client */;
/*!40101 SET character_set_client = utf8 */;
CREATE TABLE `gds_navbar` (
  `id` int(11) NOT NULL AUTO_INCREMENT COMMENT '主键',
  `url` varchar(100) NOT NULL DEFAULT '' COMMENT '请求',
  `name` varchar(10) NOT NULL DEFAULT '' COMMENT '名称',
  `sort` varchar(10) NOT NULL DEFAULT '' COMMENT '排序号码',
  `enable` varchar(1) NOT NULL DEFAULT '1' COMMENT '是否启用（0：否、1：是）',
  `exist` varchar(1) NOT NULL DEFAULT '1' COMMENT '是否删除（0：否、1：是）',
  `creator` varchar(10) NOT NULL DEFAULT '' COMMENT '创建人',
  `createTime` varchar(23) NOT NULL DEFAULT '' COMMENT '创建时间',
  `modifier` varchar(10) NOT NULL DEFAULT '' COMMENT '修改人',
  `modifyTime` varchar(23) NOT NULL DEFAULT '' COMMENT '修改时间',
  PRIMARY KEY (`id`)
) ENGINE=InnoDB AUTO_INCREMENT=10001 DEFAULT CHARSET=utf8 COMMENT='商品导航表';
/*!40101 SET character_set_client = @saved_cs_client */;

--
-- Dumping data for table `gds_navbar`
--

LOCK TABLES `gds_navbar` WRITE;
/*!40000 ALTER TABLE `gds_navbar` DISABLE KEYS */;
INSERT INTO `gds_navbar` VALUES (10000,'http://www.baidu.com','百度首页','1','1','1','','','','');
/*!40000 ALTER TABLE `gds_navbar` ENABLE KEYS */;
UNLOCK TABLES;

--
-- Table structure for table `gds_search`
--

DROP TABLE IF EXISTS `gds_search`;
/*!40101 SET @saved_cs_client     = @@character_set_client */;
/*!40101 SET character_set_client = utf8 */;
CREATE TABLE `gds_search` (
  `id` int(11) NOT NULL AUTO_INCREMENT COMMENT '主键',
  `keyword` varchar(50) NOT NULL DEFAULT '' COMMENT '关键字',
  `creator` varchar(10) NOT NULL DEFAULT '' COMMENT '创建人',
  `createTime` varchar(23) NOT NULL DEFAULT '' COMMENT '创建时间',
  PRIMARY KEY (`id`),
  KEY `keyword` (`keyword`)
) ENGINE=InnoDB AUTO_INCREMENT=13 DEFAULT CHARSET=utf8 COMMENT='商品热搜表';
/*!40101 SET character_set_client = @saved_cs_client */;

--
-- Dumping data for table `gds_search`
--

LOCK TABLES `gds_search` WRITE;
/*!40000 ALTER TABLE `gds_search` DISABLE KEYS */;
INSERT INTO `gds_search` VALUES (1,'电饭煲','',''),(2,'电饭煲','',''),(3,'电饭煲','',''),(4,'电饭煲','',''),(5,'电饭煲','',''),(6,'洗衣机','',''),(7,'洗衣机','',''),(8,'洗衣机','',''),(9,'洗衣机','',''),(10,'洗衣机','',''),(11,'洗衣机','',''),(12,'手机','','');
/*!40000 ALTER TABLE `gds_search` ENABLE KEYS */;
UNLOCK TABLES;

--
-- Table structure for table `sys_member`
--

DROP TABLE IF EXISTS `sys_member`;
/*!40101 SET @saved_cs_client     = @@character_set_client */;
/*!40101 SET character_set_client = utf8 */;
CREATE TABLE `sys_member` (
  `id` int(11) NOT NULL AUTO_INCREMENT COMMENT '主键',
  `mobile` varchar(11) NOT NULL DEFAULT '' COMMENT '手机号',
  `password` varchar(32) NOT NULL DEFAULT '' COMMENT '密码',
  `email` varchar(50) NOT NULL DEFAULT '' COMMENT '邮箱',
  `nickName` varchar(20) NOT NULL DEFAULT '' COMMENT '昵称',
  `sex` varchar(1) NOT NULL DEFAULT '' COMMENT '性别（0：女、1：男）',
  `birthday` varchar(23) NOT NULL DEFAULT '' COMMENT '生日',
  `hobby` varchar(50) NOT NULL DEFAULT '' COMMENT '兴趣爱好',
  `level` varchar(1) NOT NULL DEFAULT '' COMMENT '会员级别（0：普通、1：高级）',
  `turnonTime` varchar(23) NOT NULL DEFAULT '' COMMENT '开通时间',
  `expireTime` varchar(23) NOT NULL DEFAULT '' COMMENT '到期时间',
  `remark` varchar(200) NOT NULL DEFAULT '' COMMENT '备注',
  `enable` varchar(1) NOT NULL DEFAULT '1' COMMENT '是否启用（0：否、1：是）',
  `exist` varchar(1) NOT NULL DEFAULT '1' COMMENT '是否删除（0：否、1：是）',
  `creator` varchar(10) NOT NULL DEFAULT '' COMMENT '创建人',
  `createTime` varchar(23) NOT NULL DEFAULT '' COMMENT '创建时间',
  `modifier` varchar(10) NOT NULL DEFAULT '' COMMENT '修改人',
  `modifyTime` varchar(23) NOT NULL DEFAULT '' COMMENT '修改时间',
  PRIMARY KEY (`id`),
  UNIQUE KEY `mobile` (`mobile`)
) ENGINE=InnoDB AUTO_INCREMENT=10001 DEFAULT CHARSET=utf8 COMMENT='会员信息表';
/*!40101 SET character_set_client = @saved_cs_client */;

--
-- Dumping data for table `sys_member`
--

LOCK TABLES `sys_member` WRITE;
/*!40000 ALTER TABLE `sys_member` DISABLE KEYS */;
INSERT INTO `sys_member` VALUES (10000,'15810585235','111aaa','271000162@qq.com','11','1','1990-04-27 00:00:00.000','11','0','2017-04-07 16:14:47.192','2018-04-07 16:14:47.192','','1','1','','2017-04-07 16:14:47.192','','2017-04-07 16:14:47.193');
/*!40000 ALTER TABLE `sys_member` ENABLE KEYS */;
UNLOCK TABLES;

--
-- Table structure for table `sys_regex`
--

DROP TABLE IF EXISTS `sys_regex`;
/*!40101 SET @saved_cs_client     = @@character_set_client */;
/*!40101 SET character_set_client = utf8 */;
CREATE TABLE `sys_regex` (
  `id` int(11) NOT NULL AUTO_INCREMENT COMMENT '主键',
  `name` varchar(20) NOT NULL DEFAULT '' COMMENT '名称',
  `regex` varchar(200) NOT NULL DEFAULT '' COMMENT '表达式',
  PRIMARY KEY (`id`)
) ENGINE=InnoDB AUTO_INCREMENT=8 DEFAULT CHARSET=utf8 COMMENT='正则表达式';
/*!40101 SET character_set_client = @saved_cs_client */;

--
-- Dumping data for table `sys_regex`
--

LOCK TABLES `sys_regex` WRITE;
/*!40000 ALTER TABLE `sys_regex` DISABLE KEYS */;
INSERT INTO `sys_regex` VALUES (1,'mobile','^1(3|4|5|6|7|8|9)\\d{9}$'),(2,'password','^([A-Z]|[a-z]|[0-9]|[`~!@#$%^&*()+=|{}\':;\',\\\\\\\\[\\\\\\\\].<>/?~！@#￥%……&*（）——+|{}【】‘；：”“\'。，、？]){6,20}$'),(3,'empty','^\\S+$'),(4,'email','^(\\w)+(\\.\\w+)*@(\\w)+((\\.\\w{2,3}){1,3})$'),(5,'nickName','^[\\u4E00-\\u9FA5A-Za-z0-9_]{0,20}$'),(6,'hobby','^([\\u4E00-\\u9FA5]|[A-Z]|[a-z]|[0-9]|[`~!@#$%^&*()+=|{}\':;\',\\\\\\\\[\\\\\\\\].<>/?~！@#￥%……&*（）——+|{}【】‘；：”“\'。，、？]){0,50}$'),(7,'date','^(\\d{4}-\\d{2}-\\d{2}\\s\\d{2}:\\d{2}:\\d{2}.\\d{3})?$');
/*!40000 ALTER TABLE `sys_regex` ENABLE KEYS */;
UNLOCK TABLES;

--
-- Table structure for table `sys_smslog`
--

DROP TABLE IF EXISTS `sys_smslog`;
/*!40101 SET @saved_cs_client     = @@character_set_client */;
/*!40101 SET character_set_client = utf8 */;
CREATE TABLE `sys_smslog` (
  `id` int(11) NOT NULL AUTO_INCREMENT COMMENT '主键',
  `mobile` varchar(11) NOT NULL DEFAULT '' COMMENT '手机号码',
  `message` varchar(200) NOT NULL DEFAULT '' COMMENT '消息',
  `status` varchar(50) NOT NULL DEFAULT '' COMMENT '发送状态',
  `category` varchar(2) NOT NULL DEFAULT '' COMMENT '类型（01：验证码）',
  `creator` varchar(10) NOT NULL DEFAULT '' COMMENT '创建人',
  `createTime` varchar(23) NOT NULL DEFAULT '' COMMENT '创建时间',
  PRIMARY KEY (`id`),
  KEY `mobile` (`mobile`),
  KEY `category` (`category`)
) ENGINE=InnoDB AUTO_INCREMENT=2 DEFAULT CHARSET=utf8 COMMENT='短信日志表';
/*!40101 SET character_set_client = @saved_cs_client */;

--
-- Dumping data for table `sys_smslog`
--

LOCK TABLES `sys_smslog` WRITE;
/*!40000 ALTER TABLE `sys_smslog` DISABLE KEYS */;
INSERT INTO `sys_smslog` VALUES (1,'15810585235','620436','0','01','','2017-04-07 16:14:41.875');
/*!40000 ALTER TABLE `sys_smslog` ENABLE KEYS */;
UNLOCK TABLES;

--
-- Table structure for table `sys_tipmsg`
--

DROP TABLE IF EXISTS `sys_tipmsg`;
/*!40101 SET @saved_cs_client     = @@character_set_client */;
/*!40101 SET character_set_client = utf8 */;
CREATE TABLE `sys_tipmsg` (
  `id` int(11) NOT NULL AUTO_INCREMENT COMMENT '主键',
  `code` varchar(3) NOT NULL DEFAULT '' COMMENT '错误代码（200：success、100-119：操作失败、120-169：格式错误、170-189：会话错误、190-199：用户状态）',
  `tip` varchar(50) NOT NULL DEFAULT '' COMMENT '提示信息',
  PRIMARY KEY (`id`)
) ENGINE=InnoDB AUTO_INCREMENT=29 DEFAULT CHARSET=utf8 COMMENT='提示信息表';
/*!40101 SET character_set_client = @saved_cs_client */;

--
-- Dumping data for table `sys_tipmsg`
--

LOCK TABLES `sys_tipmsg` WRITE;
/*!40000 ALTER TABLE `sys_tipmsg` DISABLE KEYS */;
INSERT INTO `sys_tipmsg` VALUES (1,'200','恭喜！操作成功'),(2,'100','抱歉！操作失败，请联系管理员'),(3,'120','手机号不能为空'),(4,'121','手机号格式不正确'),(5,'122','密码不能为空'),(6,'123','密码只能输入数字、字母及特殊符号，长度6-20位'),(7,'124','验证码不能为空'),(8,'125','验证码不正确'),(9,'126','手机验证码不能为空'),(10,'127','手机验证码不正确'),(11,'128','手机验证码发送失败'),(12,'170','用户状态异常，请重新登录'),(13,'171','找回密码异常'),(14,'190','用户不存在'),(15,'191','用户已存在'),(16,'192','用户已冻结'),(17,'193','用户已失效'),(18,'400','服务异常，请联系管理员。'),(19,'500','请求失败，请联系管理员。'),(20,'129','两次密码输入不一致'),(21,'130','请同意用户注册协议及隐私政策'),(22,'201','恭喜您，注册成功。'),(23,'202','手机验证码发送成功'),(24,'131','邮箱不能为空'),(25,'132','邮箱格式不正确'),(26,'133','昵称只能输入中英文、数字及下划线，长度不超过20位'),(27,'134','兴趣爱好只能输入中英文、数字及下划线，长度不超过50位'),(28,'135','生日格式不正确，请把年、月、日选择完整');
/*!40000 ALTER TABLE `sys_tipmsg` ENABLE KEYS */;
UNLOCK TABLES;

--
-- Table structure for table `sys_visitlog`
--

DROP TABLE IF EXISTS `sys_visitlog`;
/*!40101 SET @saved_cs_client     = @@character_set_client */;
/*!40101 SET character_set_client = utf8 */;
CREATE TABLE `sys_visitlog` (
  `id` int(11) NOT NULL AUTO_INCREMENT COMMENT '主键',
  `ip` varchar(32) NOT NULL DEFAULT '' COMMENT 'IP 地址',
  `action` varchar(100) NOT NULL DEFAULT '' COMMENT '请求接口',
  `param` varchar(500) NOT NULL DEFAULT '' COMMENT '请求参数',
  `address` varchar(200) NOT NULL DEFAULT '' COMMENT '请求地址',
  `creator` varchar(10) NOT NULL DEFAULT '' COMMENT '创建人',
  `createTime` varchar(23) NOT NULL DEFAULT '' COMMENT '创建时间',
  PRIMARY KEY (`id`),
  KEY `IP` (`ip`),
  KEY `action` (`action`),
  KEY `createTime` (`createTime`)
) ENGINE=InnoDB AUTO_INCREMENT=843 DEFAULT CHARSET=utf8 COMMENT='请求日志表';
/*!40101 SET character_set_client = @saved_cs_client */;

--
-- Dumping data for table `sys_visitlog`
--

LOCK TABLES `sys_visitlog` WRITE;
/*!40000 ALTER TABLE `sys_visitlog` DISABLE KEYS */;
INSERT INTO `sys_visitlog` VALUES (1,'127.0.0.1','/image/verifyCode','','http://localhost:8080/beio/image/verifyCode','','2017-04-07 16:14:08.924'),(2,'127.0.0.1','/sys/queryRegex.action','','http://localhost:8080/beio/sys/queryRegex.action','','2017-04-07 16:14:09.378'),(3,'127.0.0.1','/sys/queryTip.action','','http://localhost:8080/beio/sys/queryTip.action','','2017-04-07 16:14:09.477'),(4,'127.0.0.1','/sys/sendSmsVerifyCode','?mr.mobile=15810585235&mr.exist=0','http://localhost:8080/beio/sys/sendSmsVerifyCode','','2017-04-07 16:14:41.799'),(5,'127.0.0.1','/sys/register','?mr.mobile=15810585235&mr.password=111aaa&mr.email=271000162@qq.com&mr.imgVerifyCode=nnla&mr.smsVerifyCode=620436','http://localhost:8080/beio/sys/register','','2017-04-07 16:14:47.044'),(6,'127.0.0.1','/image/verifyCode','','http://localhost:8080/beio/image/verifyCode','','2017-04-07 16:14:48.473'),(7,'127.0.0.1','/image/verifyCode','','http://localhost:8080/beio/image/verifyCode','','2017-04-07 16:48:48.746'),(8,'127.0.0.1','/sys/login','?mr.mobile=13810018074&mr.password=111aaa&mr.imgVerifyCode=h9gw','http://localhost:8080/beio/sys/login','','2017-04-07 16:49:01.789'),(9,'127.0.0.1','/sys/login','?mr.mobile=15810585235&mr.password=111aaa&mr.imgVerifyCode=h9gw','http://localhost:8080/beio/sys/login','','2017-04-07 16:49:10.571'),(10,'127.0.0.1','/image/verifyCode','','http://localhost:8080/beio/image/verifyCode','','2017-04-07 16:55:17.028'),(11,'127.0.0.1','/sys/login','?mr.mobile=15810585235&mr.password=111aaa&mr.imgVerifyCode=df7g','http://localhost:8080/beio/sys/login','','2017-04-07 16:55:29.366'),(12,'127.0.0.1','/image/verifyCode','','http://localhost:8080/beio/image/verifyCode','','2017-04-07 16:56:20.739'),(13,'127.0.0.1','/image/verifyCode','?flushStr1491555395611=','http://localhost:8080/beio/image/verifyCode','','2017-04-07 16:56:35.626'),(14,'127.0.0.1','/sys/login','?mr.mobile=15810585235&mr.password=111aaa&mr.imgVerifyCode=tes2','http://localhost:8080/beio/sys/login','','2017-04-07 16:56:42.530'),(15,'127.0.0.1','/image/verifyCode','','http://localhost:8080/beio/image/verifyCode','','2017-04-07 16:57:05.870'),(16,'127.0.0.1','/image/verifyCode','','http://localhost:8080/beio/image/verifyCode','','2017-04-07 16:57:06.252'),(17,'127.0.0.1','/sys/login','?mr.mobile=15810585235&mr.password=111aaa&mr.imgVerifyCode=f7m2','http://localhost:8080/beio/sys/login','','2017-04-07 16:57:18.014'),(18,'127.0.0.1','/image/verifyCode','','http://localhost:8080/beio/image/verifyCode','','2017-04-07 16:57:29.231'),(19,'127.0.0.1','/image/verifyCode','','http://localhost:8080/beio/image/verifyCode','','2017-04-07 16:57:44.978'),(20,'127.0.0.1','/sys/queryRegex.action','','http://localhost:8080/beio/sys/queryRegex.action','','2017-04-07 16:57:45.026'),(21,'127.0.0.1','/sys/queryTip.action','','http://localhost:8080/beio/sys/queryTip.action','','2017-04-07 16:57:45.068'),(22,'127.0.0.1','/sys/login','?mr.mobile=15810585235&mr.password=111aaa&mr.imgVerifyCode=g3ft','http://localhost:8080/beio/sys/login','','2017-04-07 16:57:56.961'),(23,'127.0.0.1','/image/verifyCode','?flushStr1491555479696=','http://localhost:8080/beio/image/verifyCode','','2017-04-07 16:57:59.696'),(24,'127.0.0.1','/sys/login','?mr.mobile=15810585235&mr.password=111aaa&mr.imgVerifyCode=nyx2','http://localhost:8080/beio/sys/login','','2017-04-07 16:58:04.700'),(25,'127.0.0.1','/image/verifyCode','','http://localhost:8080/beio/image/verifyCode','','2017-04-07 17:01:35.425'),(26,'127.0.0.1','/sys/login','?mr.mobile=15810585235&mr.password=111aaa&mr.imgVerifyCode=r62u','http://localhost:8080/beio/sys/login','','2017-04-07 17:01:45.394'),(27,'127.0.0.1','/image/verifyCode','','http://localhost:8080/beio/image/verifyCode','','2017-04-07 17:03:31.297'),(28,'127.0.0.1','/sys/login','?mr.mobile=15810585235&mr.password=111aaa&mr.imgVerifyCode=meay','http://localhost:8080/beio/sys/login','','2017-04-07 17:03:41.328'),(29,'127.0.0.1','/image/verifyCode','','http://localhost:8080/beio/image/verifyCode','','2017-04-07 17:11:58.862'),(30,'127.0.0.1','/image/verifyCode','','http://localhost:8080/beio/image/verifyCode','','2017-04-07 17:12:05.502'),(31,'127.0.0.1','/image/verifyCode','','http://localhost:8080/beio/image/verifyCode','','2017-04-07 17:15:36.770'),(32,'127.0.0.1','/image/verifyCode','','http://localhost:8080/beio/image/verifyCode','','2017-04-07 17:15:43.036'),(33,'127.0.0.1','/image/verifyCode','','http://localhost:8080/beio/image/verifyCode','','2017-04-07 17:18:53.945'),(34,'127.0.0.1','/image/verifyCode','','http://localhost:8080/beio/image/verifyCode','','2017-04-07 17:18:54.626'),(35,'127.0.0.1','/image/verifyCode','','http://localhost:8080/beio/image/verifyCode','','2017-04-07 17:19:37.135'),(36,'127.0.0.1','/image/verifyCode','','http://localhost:8080/beio/image/verifyCode','','2017-04-07 17:19:38.083'),(37,'127.0.0.1','/image/verifyCode','','http://localhost:8080/beio/image/verifyCode','','2017-04-07 17:19:38.316'),(38,'127.0.0.1','/image/verifyCode','','http://localhost:8080/beio/image/verifyCode','','2017-04-07 17:19:54.967'),(39,'127.0.0.1','/image/verifyCode','','http://localhost:8080/beio/image/verifyCode','','2017-04-07 17:19:55.552'),(40,'127.0.0.1','/image/verifyCode','','http://localhost:8080/beio/image/verifyCode','','2017-04-07 17:19:55.760'),(41,'127.0.0.1','/image/verifyCode','','http://localhost:8080/beio/image/verifyCode','','2017-04-07 17:20:33.981'),(42,'127.0.0.1','/image/verifyCode','','http://localhost:8080/beio/image/verifyCode','','2017-04-07 17:20:34.476'),(43,'127.0.0.1','/image/verifyCode','','http://localhost:8080/beio/image/verifyCode','','2017-04-07 17:20:34.736'),(44,'127.0.0.1','/image/verifyCode','','http://localhost:8080/beio/image/verifyCode','','2017-04-07 17:21:16.658'),(45,'127.0.0.1','/image/verifyCode','','http://localhost:8080/beio/image/verifyCode','','2017-04-07 17:21:24.075'),(46,'127.0.0.1','/image/verifyCode','','http://localhost:8080/beio/image/verifyCode','','2017-04-07 17:21:27.774'),(47,'127.0.0.1','/image/verifyCode','','http://localhost:8080/beio/image/verifyCode','','2017-04-07 17:21:28.134'),(48,'127.0.0.1','/image/verifyCode','','http://localhost:8080/beio/image/verifyCode','','2017-04-07 17:50:48.987'),(49,'127.0.0.1','/image/verifyCode','','http://localhost:8080/beio/image/verifyCode','','2017-04-07 17:51:24.169'),(50,'127.0.0.1','/image/verifyCode','','http://localhost:8080/beio/image/verifyCode','','2017-04-07 17:51:35.752'),(51,'127.0.0.1','/image/verifyCode','','http://localhost:8080/beio/image/verifyCode','','2017-04-07 17:51:35.858'),(52,'127.0.0.1','/image/verifyCode','','http://localhost:8080/beio/image/verifyCode','','2017-04-07 17:56:33.288'),(53,'127.0.0.1','/image/verifyCode','','http://localhost:8080/beio/image/verifyCode','','2017-04-07 17:56:33.860'),(54,'127.0.0.1','/image/verifyCode','','http://localhost:8080/beio/image/verifyCode','','2017-04-07 17:56:34.183'),(55,'127.0.0.1','/image/verifyCode','','http://localhost:8080/beio/image/verifyCode','','2017-04-07 17:56:34.471'),(56,'127.0.0.1','/image/verifyCode','','http://localhost:8080/beio/image/verifyCode','','2017-04-07 17:56:34.528'),(57,'127.0.0.1','/image/verifyCode','','http://localhost:8080/beio/image/verifyCode','','2017-04-07 17:56:34.727'),(58,'127.0.0.1','/image/verifyCode','','http://localhost:8080/beio/image/verifyCode','','2017-04-07 17:57:58.620'),(59,'127.0.0.1','/image/verifyCode','','http://localhost:8080/beio/image/verifyCode','','2017-04-07 17:57:59.024'),(60,'127.0.0.1','/image/verifyCode','','http://localhost:8080/beio/image/verifyCode','','2017-04-07 17:57:59.280'),(61,'127.0.0.1','/image/verifyCode','','http://localhost:8080/beio/image/verifyCode','','2017-04-07 17:57:59.383'),(62,'127.0.0.1','/image/verifyCode','','http://localhost:8080/beio/image/verifyCode','','2017-04-07 17:58:00.688'),(63,'127.0.0.1','/image/verifyCode','','http://localhost:8080/beio/image/verifyCode','','2017-04-07 17:58:00.910'),(64,'127.0.0.1','/image/verifyCode','','http://localhost:8080/beio/image/verifyCode','','2017-04-07 17:58:31.798'),(65,'127.0.0.1','/sys/queryTip.action','','http://localhost:8080/beio/sys/queryTip.action','','2017-04-07 17:58:31.844'),(66,'127.0.0.1','/sys/queryRegex.action','','http://localhost:8080/beio/sys/queryRegex.action','','2017-04-07 17:58:31.884'),(67,'127.0.0.1','/image/verifyCode','','http://localhost:8080/beio/image/verifyCode','','2017-04-07 17:59:15.011'),(68,'127.0.0.1','/image/verifyCode','','http://localhost:8080/beio/image/verifyCode','','2017-04-07 17:59:38.122'),(69,'127.0.0.1','/image/verifyCode','','http://localhost:8080/beio/image/verifyCode','','2017-04-07 17:59:38.686'),(70,'127.0.0.1','/image/verifyCode','','http://localhost:8080/beio/image/verifyCode','','2017-04-07 18:05:30.715'),(71,'127.0.0.1','/image/verifyCode','','http://localhost:8080/beio/image/verifyCode','','2017-04-07 18:05:46.249'),(72,'127.0.0.1','/image/verifyCode','','http://localhost:8080/beio/image/verifyCode','','2017-04-07 18:08:01.931'),(73,'127.0.0.1','/image/verifyCode','','http://localhost:8080/beio/image/verifyCode','','2017-04-07 18:08:02.435'),(74,'127.0.0.1','/image/verifyCode','','http://localhost:8080/beio/image/verifyCode','','2017-04-07 18:08:03.570'),(75,'127.0.0.1','/image/verifyCode','','http://localhost:8080/beio/image/verifyCode','','2017-04-07 18:08:10.358'),(76,'127.0.0.1','/image/verifyCode','','http://localhost:8080/beio/image/verifyCode','','2017-04-07 18:08:19.921'),(77,'127.0.0.1','/image/verifyCode','','http://localhost:8080/beio/image/verifyCode','','2017-04-07 18:09:02.510'),(78,'127.0.0.1','/image/verifyCode','','http://localhost:8080/beio/image/verifyCode','','2017-04-07 18:09:03.265'),(79,'127.0.0.1','/image/verifyCode','','http://localhost:8080/beio/image/verifyCode','','2017-04-07 18:09:03.474'),(80,'127.0.0.1','/image/verifyCode','','http://localhost:8080/beio/image/verifyCode','','2017-04-07 18:09:03.624'),(81,'127.0.0.1','/image/verifyCode','','http://localhost:8080/beio/image/verifyCode','','2017-04-07 18:09:03.807'),(82,'127.0.0.1','/image/verifyCode','','http://localhost:8080/beio/image/verifyCode','','2017-04-07 18:09:23.179'),(83,'127.0.0.1','/image/verifyCode','','http://localhost:8080/beio/image/verifyCode','','2017-04-07 18:09:23.729'),(84,'127.0.0.1','/image/verifyCode','','http://localhost:8080/beio/image/verifyCode','','2017-04-07 18:14:58.513'),(85,'127.0.0.1','/image/verifyCode','','http://localhost:8080/beio/image/verifyCode','','2017-04-07 18:15:25.036'),(86,'127.0.0.1','/image/verifyCode','','http://localhost:8080/beio/image/verifyCode','','2017-04-07 18:16:15.445'),(87,'127.0.0.1','/image/verifyCode','','http://localhost:8080/beio/image/verifyCode','','2017-04-07 18:16:15.958'),(88,'127.0.0.1','/image/verifyCode','','http://localhost:8080/beio/image/verifyCode','','2017-04-07 18:16:16.281'),(89,'127.0.0.1','/image/verifyCode','','http://localhost:8080/beio/image/verifyCode','','2017-04-07 18:16:16.449'),(90,'127.0.0.1','/image/verifyCode','','http://localhost:8080/beio/image/verifyCode','','2017-04-07 18:16:16.749'),(91,'127.0.0.1','/image/verifyCode','','http://localhost:8080/beio/image/verifyCode','','2017-04-07 18:16:17.021'),(92,'127.0.0.1','/image/verifyCode','','http://localhost:8080/beio/image/verifyCode','','2017-04-07 18:16:44.499'),(93,'127.0.0.1','/sys/queryTip.action','','http://localhost:8080/beio/sys/queryTip.action','','2017-04-07 18:16:44.550'),(94,'127.0.0.1','/sys/queryRegex.action','','http://localhost:8080/beio/sys/queryRegex.action','','2017-04-07 18:16:44.597'),(95,'127.0.0.1','/image/verifyCode','','http://localhost:8080/beio/image/verifyCode','','2017-04-07 18:16:44.724'),(96,'127.0.0.1','/image/verifyCode','','http://localhost:8080/beio/image/verifyCode','','2017-04-07 18:27:06.110'),(97,'127.0.0.1','/image/verifyCode','','http://localhost:8080/beio/image/verifyCode','','2017-04-07 18:27:06.398'),(98,'127.0.0.1','/image/verifyCode','','http://localhost:8080/beio/image/verifyCode','','2017-04-07 18:27:06.556'),(99,'127.0.0.1','/image/verifyCode','','http://localhost:8080/beio/image/verifyCode','','2017-04-07 18:27:15.698'),(100,'127.0.0.1','/sys/queryTip.action','','http://localhost:8080/beio/sys/queryTip.action','','2017-04-07 18:28:01.300'),(101,'127.0.0.1','/sys/queryRegex.action','','http://localhost:8080/beio/sys/queryRegex.action','','2017-04-07 18:28:01.341'),(102,'127.0.0.1','/image/verifyCode','','http://localhost:8080/beio/image/verifyCode','','2017-04-07 18:28:01.382'),(103,'127.0.0.1','/image/verifyCode','','http://localhost:8080/beio/image/verifyCode','','2017-04-07 18:28:10.040'),(104,'127.0.0.1','/image/verifyCode','','http://localhost:8080/beio/image/verifyCode','','2017-04-07 18:28:12.923'),(105,'127.0.0.1','/image/verifyCode','','http://localhost:8080/beio/image/verifyCode','','2017-04-07 18:28:13.402'),(106,'127.0.0.1','/image/verifyCode','','http://localhost:8080/beio/image/verifyCode','','2017-04-07 18:31:17.283'),(107,'127.0.0.1','/image/verifyCode','','http://localhost:8080/beio/image/verifyCode','','2017-04-07 18:31:17.795'),(108,'127.0.0.1','/image/verifyCode','','http://localhost:8080/beio/image/verifyCode','','2017-04-07 18:31:17.971'),(109,'127.0.0.1','/image/verifyCode','','http://localhost:8080/beio/image/verifyCode','','2017-04-07 18:31:44.809'),(110,'127.0.0.1','/image/verifyCode','','http://localhost:8080/beio/image/verifyCode','','2017-04-07 18:32:12.701'),(111,'127.0.0.1','/image/verifyCode','','http://localhost:8080/beio/image/verifyCode','','2017-04-07 18:32:13.899'),(112,'127.0.0.1','/image/verifyCode','','http://localhost:8080/beio/image/verifyCode','','2017-04-07 18:33:01.593'),(113,'127.0.0.1','/image/verifyCode','','http://localhost:8080/beio/image/verifyCode','','2017-04-07 18:33:51.246'),(114,'127.0.0.1','/image/verifyCode','','http://localhost:8080/beio/image/verifyCode','','2017-04-07 18:33:51.447'),(115,'127.0.0.1','/image/verifyCode','','http://localhost:8080/beio/image/verifyCode','','2017-04-07 18:34:42.215'),(116,'127.0.0.1','/image/verifyCode','','http://localhost:8080/beio/image/verifyCode','','2017-04-07 18:34:42.937'),(117,'127.0.0.1','/image/verifyCode','','http://localhost:8080/beio/image/verifyCode','','2017-04-07 18:34:43.158'),(118,'127.0.0.1','/image/verifyCode','','http://localhost:8080/beio/image/verifyCode','','2017-04-07 18:35:12.292'),(119,'127.0.0.1','/image/verifyCode','','http://localhost:8080/beio/image/verifyCode','','2017-04-07 18:35:54.744'),(120,'127.0.0.1','/image/verifyCode','','http://localhost:8080/beio/image/verifyCode','','2017-04-07 18:36:02.207'),(121,'127.0.0.1','/image/verifyCode','','http://localhost:8080/beio/image/verifyCode','','2017-04-07 18:36:02.809'),(122,'127.0.0.1','/image/verifyCode','','http://localhost:8080/beio/image/verifyCode','','2017-04-07 18:36:03.086'),(123,'127.0.0.1','/image/verifyCode','','http://localhost:8080/beio/image/verifyCode','','2017-04-07 18:36:03.351'),(124,'127.0.0.1','/image/verifyCode','','http://localhost:8080/beio/image/verifyCode','','2017-04-07 18:36:17.566'),(125,'127.0.0.1','/image/verifyCode','','http://localhost:8080/beio/image/verifyCode','','2017-04-07 18:36:18.245'),(126,'127.0.0.1','/image/verifyCode','','http://localhost:8080/beio/image/verifyCode','','2017-04-07 18:36:18.901'),(127,'127.0.0.1','/image/verifyCode','','http://localhost:8080/beio/image/verifyCode','','2017-04-07 18:36:19.157'),(128,'127.0.0.1','/image/verifyCode','','http://localhost:8080/beio/image/verifyCode','','2017-04-07 18:36:19.292'),(129,'127.0.0.1','/image/verifyCode','','http://localhost:8080/beio/image/verifyCode','','2017-04-07 18:36:19.531'),(130,'127.0.0.1','/image/verifyCode','','http://localhost:8080/beio/image/verifyCode','','2017-04-07 18:36:19.751'),(131,'127.0.0.1','/image/verifyCode','','http://localhost:8080/beio/image/verifyCode','','2017-04-07 18:37:13.455'),(132,'127.0.0.1','/image/verifyCode','','http://localhost:8080/beio/image/verifyCode','','2017-04-07 18:37:32.105'),(133,'127.0.0.1','/image/verifyCode','','http://localhost:8080/beio/image/verifyCode','','2017-04-07 18:37:57.406'),(134,'127.0.0.1','/image/verifyCode','','http://localhost:8080/beio/image/verifyCode','','2017-04-07 18:37:57.849'),(135,'127.0.0.1','/image/verifyCode','','http://localhost:8080/beio/image/verifyCode','','2017-04-07 18:38:26.624'),(136,'127.0.0.1','/image/verifyCode','','http://localhost:8080/beio/image/verifyCode','','2017-04-07 18:38:27.037'),(137,'127.0.0.1','/image/verifyCode','','http://localhost:8080/beio/image/verifyCode','','2017-04-07 18:38:52.338'),(138,'127.0.0.1','/image/verifyCode','','http://localhost:8080/beio/image/verifyCode','','2017-04-07 18:38:52.794'),(139,'127.0.0.1','/image/verifyCode','','http://localhost:8080/beio/image/verifyCode','','2017-04-07 18:38:52.981'),(140,'127.0.0.1','/image/verifyCode','','http://localhost:8080/beio/image/verifyCode','','2017-04-07 18:40:49.456'),(141,'127.0.0.1','/image/verifyCode','','http://localhost:8080/beio/image/verifyCode','','2017-04-07 18:41:01.910'),(142,'127.0.0.1','/image/verifyCode','','http://localhost:8080/beio/image/verifyCode','','2017-04-07 18:41:02.429'),(143,'127.0.0.1','/image/verifyCode','','http://localhost:8080/beio/image/verifyCode','','2017-04-07 18:41:02.659'),(144,'127.0.0.1','/image/verifyCode','','http://localhost:8080/beio/image/verifyCode','','2017-04-07 18:41:02.806'),(145,'127.0.0.1','/image/verifyCode','','http://localhost:8080/beio/image/verifyCode','','2017-04-07 18:41:45.798'),(146,'127.0.0.1','/image/verifyCode','','http://localhost:8080/beio/image/verifyCode','','2017-04-07 18:43:50.785'),(147,'127.0.0.1','/image/verifyCode','','http://localhost:8080/beio/image/verifyCode','','2017-04-07 18:43:53.675'),(148,'127.0.0.1','/image/verifyCode','','http://localhost:8080/beio/image/verifyCode','','2017-04-07 18:43:54.107'),(149,'127.0.0.1','/image/verifyCode','','http://localhost:8080/beio/image/verifyCode','','2017-04-07 18:44:01.167'),(150,'127.0.0.1','/image/verifyCode','','http://localhost:8080/beio/image/verifyCode','','2017-04-07 18:44:01.652'),(151,'127.0.0.1','/image/verifyCode','','http://localhost:8080/beio/image/verifyCode','','2017-04-07 18:44:01.813'),(152,'127.0.0.1','/image/verifyCode','','http://localhost:8080/beio/image/verifyCode','','2017-04-07 18:44:01.980'),(153,'127.0.0.1','/image/verifyCode','','http://localhost:8080/beio/image/verifyCode','','2017-04-07 18:44:05.286'),(154,'127.0.0.1','/image/verifyCode','','http://localhost:8080/beio/image/verifyCode','','2017-04-07 18:44:05.734'),(155,'127.0.0.1','/image/verifyCode','','http://localhost:8080/beio/image/verifyCode','','2017-04-07 18:44:05.944'),(156,'127.0.0.1','/image/verifyCode','','http://localhost:8080/beio/image/verifyCode','','2017-04-07 18:44:06.097'),(157,'127.0.0.1','/image/verifyCode','','http://localhost:8080/beio/image/verifyCode','','2017-04-07 18:44:06.739'),(158,'127.0.0.1','/image/verifyCode','','http://localhost:8080/beio/image/verifyCode','','2017-04-07 18:44:07.001'),(159,'127.0.0.1','/image/verifyCode','','http://localhost:8080/beio/image/verifyCode','','2017-04-07 18:44:07.200'),(160,'127.0.0.1','/image/verifyCode','','http://localhost:8080/beio/image/verifyCode','','2017-04-07 18:44:07.357'),(161,'127.0.0.1','/image/verifyCode','','http://localhost:8080/beio/image/verifyCode','','2017-04-07 18:44:07.516'),(162,'127.0.0.1','/image/verifyCode','','http://localhost:8080/beio/image/verifyCode','','2017-04-07 18:44:07.688'),(163,'127.0.0.1','/image/verifyCode','','http://localhost:8080/beio/image/verifyCode','','2017-04-07 18:44:08.252'),(164,'127.0.0.1','/image/verifyCode','','http://localhost:8080/beio/image/verifyCode','','2017-04-07 18:44:09.609'),(165,'127.0.0.1','/image/verifyCode','','http://localhost:8080/beio/image/verifyCode','','2017-04-07 18:44:09.859'),(166,'127.0.0.1','/image/verifyCode','','http://localhost:8080/beio/image/verifyCode','','2017-04-07 18:44:10.039'),(167,'127.0.0.1','/image/verifyCode','','http://localhost:8080/beio/image/verifyCode','','2017-04-07 18:44:10.177'),(168,'127.0.0.1','/image/verifyCode','','http://localhost:8080/beio/image/verifyCode','','2017-04-07 18:45:49.332'),(169,'127.0.0.1','/image/verifyCode','','http://localhost:8080/beio/image/verifyCode','','2017-04-07 18:45:49.886'),(170,'127.0.0.1','/image/verifyCode','','http://localhost:8080/beio/image/verifyCode','','2017-04-07 18:46:00.844'),(171,'127.0.0.1','/image/verifyCode','','http://localhost:8080/beio/image/verifyCode','','2017-04-07 18:46:01.460'),(172,'127.0.0.1','/image/verifyCode','','http://localhost:8080/beio/image/verifyCode','','2017-04-07 18:46:01.679'),(173,'127.0.0.1','/image/verifyCode','','http://localhost:8080/beio/image/verifyCode','','2017-04-07 18:46:01.862'),(174,'127.0.0.1','/image/verifyCode','','http://localhost:8080/beio/image/verifyCode','','2017-04-07 18:46:27.255'),(175,'127.0.0.1','/image/verifyCode','','http://localhost:8080/beio/image/verifyCode','','2017-04-07 18:46:42.396'),(176,'127.0.0.1','/image/verifyCode','','http://localhost:8080/beio/image/verifyCode','','2017-04-07 18:46:42.952'),(177,'127.0.0.1','/image/verifyCode','','http://localhost:8080/beio/image/verifyCode','','2017-04-07 18:46:43.342'),(178,'127.0.0.1','/image/verifyCode','','http://localhost:8080/beio/image/verifyCode','','2017-04-07 18:46:43.550'),(179,'127.0.0.1','/image/verifyCode','','http://localhost:8080/beio/image/verifyCode','','2017-04-07 18:46:59.296'),(180,'127.0.0.1','/image/verifyCode','','http://localhost:8080/beio/image/verifyCode','','2017-04-07 18:47:08.197'),(181,'127.0.0.1','/image/verifyCode','','http://localhost:8080/beio/image/verifyCode','','2017-04-07 18:47:38.109'),(182,'127.0.0.1','/image/verifyCode','','http://localhost:8080/beio/image/verifyCode','','2017-04-07 18:47:38.581'),(183,'127.0.0.1','/image/verifyCode','','http://localhost:8080/beio/image/verifyCode','','2017-04-07 18:47:38.807'),(184,'127.0.0.1','/image/verifyCode','','http://localhost:8080/beio/image/verifyCode','','2017-04-07 18:47:52.329'),(185,'127.0.0.1','/image/verifyCode','','http://localhost:8080/beio/image/verifyCode','','2017-04-07 18:47:53.185'),(186,'127.0.0.1','/image/verifyCode','','http://localhost:8080/beio/image/verifyCode','','2017-04-07 18:48:12.403'),(187,'127.0.0.1','/image/verifyCode','','http://localhost:8080/beio/image/verifyCode','','2017-04-07 18:48:13.089'),(188,'127.0.0.1','/image/verifyCode','','http://localhost:8080/beio/image/verifyCode','','2017-04-07 18:48:54.611'),(189,'127.0.0.1','/image/verifyCode','','http://localhost:8080/beio/image/verifyCode','','2017-04-07 18:49:06.071'),(190,'127.0.0.1','/image/verifyCode','','http://localhost:8080/beio/image/verifyCode','','2017-04-07 18:49:06.533'),(191,'127.0.0.1','/image/verifyCode','','http://localhost:8080/beio/image/verifyCode','','2017-04-07 18:49:15.852'),(192,'127.0.0.1','/image/verifyCode','','http://localhost:8080/beio/image/verifyCode','','2017-04-07 18:49:16.533'),(193,'127.0.0.1','/image/verifyCode','','http://localhost:8080/beio/image/verifyCode','','2017-04-07 18:49:16.730'),(194,'127.0.0.1','/image/verifyCode','','http://localhost:8080/beio/image/verifyCode','','2017-04-07 18:49:36.219'),(195,'127.0.0.1','/image/verifyCode','','http://localhost:8080/beio/image/verifyCode','','2017-04-07 18:49:36.682'),(196,'127.0.0.1','/image/verifyCode','','http://localhost:8080/beio/image/verifyCode','','2017-04-07 18:49:36.860'),(197,'127.0.0.1','/image/verifyCode','','http://localhost:8080/beio/image/verifyCode','','2017-04-07 18:49:37.003'),(198,'127.0.0.1','/image/verifyCode','','http://localhost:8080/beio/image/verifyCode','','2017-04-07 18:49:37.172'),(199,'127.0.0.1','/image/verifyCode','','http://localhost:8080/beio/image/verifyCode','','2017-04-07 18:49:55.655'),(200,'127.0.0.1','/image/verifyCode','','http://localhost:8080/beio/image/verifyCode','','2017-04-07 18:50:02.136'),(201,'127.0.0.1','/image/verifyCode','','http://localhost:8080/beio/image/verifyCode','','2017-04-07 18:50:49.865'),(202,'127.0.0.1','/image/verifyCode','','http://localhost:8080/beio/image/verifyCode','','2017-04-07 18:50:50.207'),(203,'127.0.0.1','/image/verifyCode','','http://localhost:8080/beio/image/verifyCode','','2017-04-07 18:52:33.888'),(204,'127.0.0.1','/image/verifyCode','','http://localhost:8080/beio/image/verifyCode','','2017-04-07 18:52:34.570'),(205,'127.0.0.1','/image/verifyCode','','http://localhost:8080/beio/image/verifyCode','','2017-04-07 18:52:34.984'),(206,'127.0.0.1','/image/verifyCode','','http://localhost:8080/beio/image/verifyCode','','2017-04-07 18:52:44.715'),(207,'127.0.0.1','/image/verifyCode','','http://localhost:8080/beio/image/verifyCode','','2017-04-07 18:52:45.200'),(208,'127.0.0.1','/image/verifyCode','','http://localhost:8080/beio/image/verifyCode','','2017-04-07 18:52:45.440'),(209,'127.0.0.1','/image/verifyCode','','http://localhost:8080/beio/image/verifyCode','','2017-04-07 18:53:32.815'),(210,'127.0.0.1','/image/verifyCode','','http://localhost:8080/beio/image/verifyCode','','2017-04-07 18:53:33.188'),(211,'127.0.0.1','/image/verifyCode','','http://localhost:8080/beio/image/verifyCode','','2017-04-07 18:53:33.360'),(212,'127.0.0.1','/image/verifyCode','','http://localhost:8080/beio/image/verifyCode','','2017-04-07 18:53:58.333'),(213,'127.0.0.1','/image/verifyCode','','http://localhost:8080/beio/image/verifyCode','','2017-04-07 18:53:58.957'),(214,'127.0.0.1','/image/verifyCode','','http://localhost:8080/beio/image/verifyCode','','2017-04-07 18:53:59.207'),(215,'127.0.0.1','/image/verifyCode','','http://localhost:8080/beio/image/verifyCode','','2017-04-07 18:54:23.051'),(216,'127.0.0.1','/image/verifyCode','','http://localhost:8080/beio/image/verifyCode','','2017-04-07 18:54:23.547'),(217,'127.0.0.1','/image/verifyCode','','http://localhost:8080/beio/image/verifyCode','','2017-04-07 18:54:50.466'),(218,'127.0.0.1','/image/verifyCode','','http://localhost:8080/beio/image/verifyCode','','2017-04-07 18:55:06.594'),(219,'127.0.0.1','/image/verifyCode','','http://localhost:8080/beio/image/verifyCode','','2017-04-07 18:55:07.221'),(220,'127.0.0.1','/image/verifyCode','','http://localhost:8080/beio/image/verifyCode','','2017-04-07 18:55:12.718'),(221,'127.0.0.1','/image/verifyCode','','http://localhost:8080/beio/image/verifyCode','','2017-04-07 18:55:21.307'),(222,'127.0.0.1','/image/verifyCode','','http://localhost:8080/beio/image/verifyCode','','2017-04-07 18:55:22.628'),(223,'127.0.0.1','/image/verifyCode','','http://localhost:8080/beio/image/verifyCode','','2017-04-07 18:55:31.086'),(224,'127.0.0.1','/image/verifyCode','','http://localhost:8080/beio/image/verifyCode','','2017-04-07 18:55:31.562'),(225,'127.0.0.1','/image/verifyCode','','http://localhost:8080/beio/image/verifyCode','','2017-04-07 18:55:31.775'),(226,'127.0.0.1','/image/verifyCode','','http://localhost:8080/beio/image/verifyCode','','2017-04-07 18:55:32.028'),(227,'127.0.0.1','/image/verifyCode','','http://localhost:8080/beio/image/verifyCode','','2017-04-07 18:55:36.489'),(228,'127.0.0.1','/image/verifyCode','','http://localhost:8080/beio/image/verifyCode','','2017-04-07 18:55:36.925'),(229,'127.0.0.1','/image/verifyCode','','http://localhost:8080/beio/image/verifyCode','','2017-04-07 18:55:37.170'),(230,'127.0.0.1','/image/verifyCode','','http://localhost:8080/beio/image/verifyCode','','2017-04-07 18:55:57.730'),(231,'127.0.0.1','/image/verifyCode','','http://localhost:8080/beio/image/verifyCode','','2017-04-07 18:57:45.045'),(232,'127.0.0.1','/image/verifyCode','','http://localhost:8080/beio/image/verifyCode','','2017-04-07 18:58:49.335'),(233,'127.0.0.1','/image/verifyCode','','http://localhost:8080/beio/image/verifyCode','','2017-04-07 18:58:50.002'),(234,'127.0.0.1','/image/verifyCode','','http://localhost:8080/beio/image/verifyCode','','2017-04-07 18:58:50.245'),(235,'127.0.0.1','/sys/queryTip.action','','http://localhost:8080/beio/sys/queryTip.action','','2017-04-07 18:59:12.567'),(236,'127.0.0.1','/sys/queryRegex.action','','http://localhost:8080/beio/sys/queryRegex.action','','2017-04-07 18:59:12.668'),(237,'127.0.0.1','/image/verifyCode','','http://localhost:8080/beio/image/verifyCode','','2017-04-07 18:59:12.755'),(238,'127.0.0.1','/image/verifyCode','','http://localhost:8080/beio/image/verifyCode','','2017-04-07 18:59:55.452'),(239,'127.0.0.1','/image/verifyCode','','http://localhost:8080/beio/image/verifyCode','','2017-04-07 18:59:59.242'),(240,'127.0.0.1','/sys/login','?mr.autoLoginMark=autologin','http://localhost:8080/beio/sys/login','','2017-04-07 19:45:39.403'),(241,'127.0.0.1','/image/verifyCode','','http://localhost:8080/beio/image/verifyCode','','2017-04-07 19:45:39.708'),(242,'127.0.0.1','/sys/login','?mr.autoLoginMark=autologin','http://localhost:8080/beio/sys/login','','2017-04-07 19:47:19.596'),(243,'127.0.0.1','/image/verifyCode','','http://localhost:8080/beio/image/verifyCode','','2017-04-07 19:47:19.648'),(244,'127.0.0.1','/sys/login','?mr.autoLoginMark=autologin','http://localhost:8080/beio/sys/login','','2017-04-07 19:47:56.674'),(245,'127.0.0.1','/image/verifyCode','','http://localhost:8080/beio/image/verifyCode','','2017-04-07 19:47:56.723'),(246,'127.0.0.1','/sys/login','?mr.autoLoginMark=autologin','http://localhost:8080/beio/sys/login','','2017-04-07 19:48:35.990'),(247,'127.0.0.1','/image/verifyCode','','http://localhost:8080/beio/image/verifyCode','','2017-04-07 19:48:36.048'),(248,'127.0.0.1','/sys/login','?mr.autoLoginMark=autologin','http://localhost:8080/beio/sys/login','','2017-04-07 19:49:47.834'),(249,'127.0.0.1','/image/verifyCode','','http://localhost:8080/beio/image/verifyCode','','2017-04-07 19:49:47.876'),(250,'127.0.0.1','/sys/login','?mr.autoLoginMark=autologin','http://localhost:8080/beio/sys/login','','2017-04-07 19:50:30.476'),(251,'127.0.0.1','/image/verifyCode','','http://localhost:8080/beio/image/verifyCode','','2017-04-07 19:50:30.519'),(252,'127.0.0.1','/sys/login','?mr.mobile=1&mr.password=1&mr.imgVerifyCode=l','http://localhost:8080/beio/sys/login','','2017-04-07 19:50:49.990'),(253,'127.0.0.1','/sys/login','?mr.autoLoginMark=autologin','http://localhost:8080/beio/sys/login','','2017-04-07 19:54:26.083'),(254,'127.0.0.1','/image/verifyCode','','http://localhost:8080/beio/image/verifyCode','','2017-04-07 19:54:26.132'),(255,'127.0.0.1','/sys/login','?mr.autoLoginMark=autologin','http://localhost:8080/beio/sys/login','','2017-04-07 19:56:08.121'),(256,'127.0.0.1','/image/verifyCode','','http://localhost:8080/beio/image/verifyCode','','2017-04-07 19:56:08.165'),(257,'127.0.0.1','/sys/login','?mr.mobile=13810018074&mr.password=111aaa&mr.imgVerifyCode=ul2r','http://localhost:8080/beio/sys/login','','2017-04-07 19:56:17.598'),(258,'127.0.0.1','/sys/login','?mr.mobile=15810585235&mr.password=111aaa&mr.imgVerifyCode=ul2r','http://localhost:8080/beio/sys/login','','2017-04-07 19:56:30.421'),(259,'127.0.0.1','/image/verifyCode','','http://localhost:8080/beio/image/verifyCode','10000','2017-04-07 20:11:10.495'),(260,'127.0.0.1','/sys/login','?mr.mobile=13401111111&mr.password=111111&mr.imgVerifyCode=tcmv','http://localhost:8080/beio/sys/login','10000','2017-04-07 20:11:33.504'),(261,'127.0.0.1','/sys/login','?mr.mobile=15810585235&mr.password=111aaa&mr.imgVerifyCode=tcmv','http://localhost:8080/beio/sys/login','10000','2017-04-07 20:11:50.367'),(262,'127.0.0.1','/sys/login','?mr.mobile=15810585235&mr.password=111aaa&mr.imgVerifyCode=tcmv','http://localhost:8080/beio/sys/login','10000','2017-04-07 20:11:56.350'),(263,'127.0.0.1','/sys/login','?mr.mobile=15810585235&mr.password=111aaa&mr.imgVerifyCode=tcmv','http://localhost:8080/beio/sys/login','10000','2017-04-07 20:12:01.507'),(264,'127.0.0.1','/sys/login','?mr.mobile=15810585235&mr.password=111aaa&mr.imgVerifyCode=tcmv','http://localhost:8080/beio/sys/login','10000','2017-04-07 20:12:03.564'),(265,'127.0.0.1','/sys/queryTip.action','','http://localhost:8080/beio/sys/queryTip.action','','2017-04-07 20:54:33.824'),(266,'127.0.0.1','/sys/queryRegex.action','','http://localhost:8080/beio/sys/queryRegex.action','','2017-04-07 20:54:33.889'),(267,'127.0.0.1','/image/verifyCode','','http://localhost:8080/beio/image/verifyCode','','2017-04-07 20:54:33.936'),(268,'127.0.0.1','/sys/login','?mr.mobile=15810585235&mr.password=111aaa&mr.imgVerifyCode=2n2g','http://localhost:8080/beio/sys/login','','2017-04-07 20:54:58.585'),(269,'127.0.0.1','/sys/queryTip.action','','http://localhost:8080/beio/sys/queryTip.action','','2017-04-07 20:56:57.005'),(270,'127.0.0.1','/sys/queryRegex.action','','http://localhost:8080/beio/sys/queryRegex.action','','2017-04-07 20:56:57.051'),(271,'127.0.0.1','/image/verifyCode','','http://localhost:8080/beio/image/verifyCode','','2017-04-07 20:56:57.099'),(272,'127.0.0.1','/sys/login','?mr.mobile=13810018074&mr.password=111aaa&mr.imgVerifyCode=eqg9','http://localhost:8080/beio/sys/login','','2017-04-07 20:57:14.511'),(273,'127.0.0.1','/sys/login','?mr.mobile=15810585235&mr.password=111aaa&mr.imgVerifyCode=eqg9','http://localhost:8080/beio/sys/login','','2017-04-07 20:57:21.468'),(274,'127.0.0.1','/sys/queryTip.action','','http://localhost:8080/beio/sys/queryTip.action','','2017-04-07 20:58:31.502'),(275,'127.0.0.1','/sys/queryRegex.action','','http://localhost:8080/beio/sys/queryRegex.action','','2017-04-07 20:58:31.545'),(276,'127.0.0.1','/image/verifyCode','','http://localhost:8080/beio/image/verifyCode','','2017-04-07 20:58:31.595'),(277,'127.0.0.1','/sys/login','?mr.mobile=15810585235&mr.password=111aaa&mr.imgVerifyCode=5rbc','http://localhost:8080/beio/sys/login','','2017-04-07 20:58:42.894'),(278,'127.0.0.1','/image/verifyCode','','http://localhost:8080/beio/image/verifyCode','','2017-04-07 21:04:02.137'),(279,'127.0.0.1','/sys/queryTip.action','','http://localhost:8080/beio/sys/queryTip.action','','2017-04-07 21:04:02.192'),(280,'127.0.0.1','/sys/queryRegex.action','','http://localhost:8080/beio/sys/queryRegex.action','','2017-04-07 21:04:02.241'),(281,'127.0.0.1','/sys/login','?mr.mobile=15810585235&mr.password=111aaa&mr.imgVerifyCode=mldj','http://localhost:8080/beio/sys/login','','2017-04-07 21:04:14.236'),(282,'127.0.0.1','/sys/queryTip.action','','http://localhost:8080/beio/sys/queryTip.action','','2017-04-07 21:04:54.099'),(283,'127.0.0.1','/sys/queryRegex.action','','http://localhost:8080/beio/sys/queryRegex.action','','2017-04-07 21:04:54.166'),(284,'127.0.0.1','/image/verifyCode','','http://localhost:8080/beio/image/verifyCode','','2017-04-07 21:04:54.219'),(285,'127.0.0.1','/sys/login','?mr.mobile=15810585235&mr.password=111aaa&mr.imgVerifyCode=n5p6','http://localhost:8080/beio/sys/login','','2017-04-07 21:05:03.955'),(286,'127.0.0.1','/sys/queryTip.action','','http://localhost:8080/beio/sys/queryTip.action','','2017-04-07 21:23:38.192'),(287,'127.0.0.1','/sys/queryRegex.action','','http://localhost:8080/beio/sys/queryRegex.action','','2017-04-07 21:23:38.236'),(288,'127.0.0.1','/image/verifyCode','','http://localhost:8080/beio/image/verifyCode','','2017-04-07 21:23:38.286'),(289,'127.0.0.1','/sys/login','?mr.mobile=15810585235&mr.password=111aaa&mr.imgVerifyCode=mh32','http://localhost:8080/beio/sys/login','','2017-04-07 21:24:06.957'),(290,'127.0.0.1','/sys/queryTip.action','','http://localhost:8080/beio/sys/queryTip.action','','2017-04-07 23:02:02.920'),(291,'127.0.0.1','/sys/queryRegex.action','','http://localhost:8080/beio/sys/queryRegex.action','','2017-04-07 23:02:02.964'),(292,'127.0.0.1','/image/verifyCode','','http://localhost:8080/beio/image/verifyCode','','2017-04-07 23:02:03.032'),(293,'127.0.0.1','/sys/login','?mr.mobile=15810585235&mr.password=111AAA&mr.imgVerifyCode=HRC8','http://localhost:8080/beio/sys/login','','2017-04-07 23:02:56.756'),(294,'127.0.0.1','/sys/login','?mr.mobile=15810585235&mr.password=111AAA&mr.imgVerifyCode=HRq8','http://localhost:8080/beio/sys/login','','2017-04-07 23:03:05.742'),(295,'127.0.0.1','/sys/login','?mr.mobile=15810585235&mr.password=111AAA&mr.imgVerifyCode=HRq8','http://localhost:8080/beio/sys/login','','2017-04-07 23:03:25.542'),(296,'127.0.0.1','/sys/login','?mr.mobile=15810585235&mr.password=111AAA&mr.imgVerifyCode=HRq8','http://localhost:8080/beio/sys/login','','2017-04-07 23:03:26.621'),(297,'127.0.0.1','/sys/login','?mr.mobile=15810585235&mr.password=111AAA&mr.imgVerifyCode=HRq8','http://localhost:8080/beio/sys/login','','2017-04-07 23:03:27.349'),(298,'127.0.0.1','/sys/login','?mr.mobile=15810585235&mr.password=111AAA&mr.imgVerifyCode=HRq8','http://localhost:8080/beio/sys/login','','2017-04-07 23:03:27.533'),(299,'127.0.0.1','/sys/login','?mr.mobile=15810585235&mr.password=111AAA&mr.imgVerifyCode=HRq8','http://localhost:8080/beio/sys/login','','2017-04-07 23:03:27.685'),(300,'127.0.0.1','/sys/login','?mr.mobile=15810585235&mr.password=111AAA&mr.imgVerifyCode=HRq8','http://localhost:8080/beio/sys/login','','2017-04-07 23:04:41.511'),(301,'127.0.0.1','/sys/login','?mr.mobile=15810585235&mr.password=111AAA&mr.imgVerifyCode=HRq8','http://localhost:8080/beio/sys/login','','2017-04-07 23:04:47.021'),(302,'127.0.0.1','/image/verifyCode','','http://localhost:8080/beio/image/verifyCode','','2017-04-07 23:04:48.675'),(303,'127.0.0.1','/sys/login','?mr.mobile=15810585235&mr.password=111aaa&mr.imgVerifyCode=tbrc','http://localhost:8080/beio/sys/login','','2017-04-07 23:07:45.886'),(304,'127.0.0.1','/sys/queryTip.action','','http://localhost:8080/beio/sys/queryTip.action','','2017-04-07 23:10:05.644'),(305,'127.0.0.1','/sys/queryRegex.action','','http://localhost:8080/beio/sys/queryRegex.action','','2017-04-07 23:10:05.695'),(306,'127.0.0.1','/image/verifyCode','','http://localhost:8080/beio/image/verifyCode','','2017-04-07 23:10:05.760'),(307,'127.0.0.1','/sys/login','?mr.mobile=15810585235&mr.password=111aaa&mr.imgVerifyCode=e946','http://localhost:8080/beio/sys/login','','2017-04-07 23:10:17.895'),(308,'127.0.0.1','/sys/queryTip.action','','http://localhost:8080/beio/sys/queryTip.action','','2017-04-08 00:31:30.036'),(309,'127.0.0.1','/sys/queryRegex.action','','http://localhost:8080/beio/sys/queryRegex.action','','2017-04-08 00:31:30.101'),(310,'127.0.0.1','/image/verifyCode','','http://localhost:8080/beio/image/verifyCode','','2017-04-08 00:31:30.150'),(311,'127.0.0.1','/sys/login','?mr.mobile=15810585235&mr.password=111aaa&mr.imgVerifyCode=wyqg','http://localhost:8080/beio/sys/login','','2017-04-08 00:31:41.709'),(312,'127.0.0.1','/image/verifyCode','','http://localhost:8080/beio/image/verifyCode','10000','2017-04-08 00:40:24.606'),(313,'127.0.0.1','/image/verifyCode','','http://localhost:8080/beio/image/verifyCode','10000','2017-04-08 00:40:28.364'),(314,'127.0.0.1','/sys/queryTip.action','','http://localhost:8080/beio/sys/queryTip.action','','2017-04-08 10:19:29.357'),(315,'127.0.0.1','/sys/queryRegex.action','','http://localhost:8080/beio/sys/queryRegex.action','','2017-04-08 10:19:29.600'),(316,'127.0.0.1','/image/verifyCode','','http://localhost:8080/beio/image/verifyCode','','2017-04-08 10:19:30.989'),(317,'127.0.0.1','/image/verifyCode','','http://localhost:8080/beio/image/verifyCode','','2017-04-08 10:19:32.986'),(318,'127.0.0.1','/image/verifyCode','','http://localhost:8080/beio/image/verifyCode','','2017-04-08 10:19:41.569'),(319,'127.0.0.1','/image/verifyCode','','http://localhost:8080/beio/image/verifyCode','','2017-04-08 10:19:52.264'),(320,'127.0.0.1','/image/verifyCode','','http://localhost:8080/beio/image/verifyCode','','2017-04-08 10:31:46.552'),(321,'127.0.0.1','/image/verifyCode','','http://localhost:8080/beio/image/verifyCode','','2017-04-08 10:31:49.252'),(322,'127.0.0.1','/image/verifyCode','','http://localhost:8080/beio/image/verifyCode','','2017-04-08 10:41:41.303'),(323,'127.0.0.1','/image/verifyCode','','http://localhost:8080/beio/image/verifyCode','','2017-04-08 10:43:44.207'),(324,'127.0.0.1','/sys/login','?mr.mobile=15810585235&mr.password=111aaa&mr.imgVerifyCode=ksb9','http://localhost:8080/beio/sys/login','','2017-04-08 10:43:58.093'),(325,'127.0.0.1','/sys/queryTip.action','','http://localhost:8080/beio/sys/queryTip.action','','2017-04-08 11:21:04.564'),(326,'127.0.0.1','/sys/queryRegex.action','','http://localhost:8080/beio/sys/queryRegex.action','','2017-04-08 11:21:04.632'),(327,'127.0.0.1','/image/verifyCode','','http://localhost:8080/beio/image/verifyCode','','2017-04-08 11:21:04.706'),(328,'127.0.0.1','/sys/login','?mr.mobile=15810585235&mr.password=111aaa&mr.imgVerifyCode=vemr','http://localhost:8080/beio/sys/login','','2017-04-08 11:21:15.977'),(329,'127.0.0.1','/sys/queryTip.action','','http://localhost:8080/beio/sys/queryTip.action','','2017-04-08 11:34:47.653'),(330,'127.0.0.1','/sys/queryRegex.action','','http://localhost:8080/beio/sys/queryRegex.action','','2017-04-08 11:34:47.934'),(331,'127.0.0.1','/image/verifyCode','','http://localhost:8080/beio/image/verifyCode','','2017-04-08 11:34:48.017'),(332,'127.0.0.1','/sys/login','?mr.mobile=15810585235&mr.password=111aaa&mr.imgVerifyCode=2mjc','http://localhost:8080/beio/sys/login','','2017-04-08 11:34:57.435'),(333,'127.0.0.1','/sys/queryTip.action','','http://localhost:8080/beio/sys/queryTip.action','','2017-04-08 11:40:48.754'),(334,'127.0.0.1','/sys/queryRegex.action','','http://localhost:8080/beio/sys/queryRegex.action','','2017-04-08 11:40:48.797'),(335,'127.0.0.1','/image/verifyCode','','http://localhost:8080/beio/image/verifyCode','','2017-04-08 11:40:48.845'),(336,'127.0.0.1','/sys/login','?mr.mobile=15810585235&mr.password=111aaa&mr.imgVerifyCode=wpux','http://localhost:8080/beio/sys/login','','2017-04-08 11:41:08.233'),(337,'127.0.0.1','/sys/queryTip.action','','http://localhost:8080/beio/sys/queryTip.action','','2017-04-08 11:47:52.256'),(338,'127.0.0.1','/sys/queryRegex.action','','http://localhost:8080/beio/sys/queryRegex.action','','2017-04-08 11:47:52.305'),(339,'127.0.0.1','/image/verifyCode','','http://localhost:8080/beio/image/verifyCode','','2017-04-08 11:47:52.404'),(340,'127.0.0.1','/sys/login','?mr.mobile=15810585235&mr.password=111aaa&mr.imgVerifyCode=by9c','http://localhost:8080/beio/sys/login','','2017-04-08 11:48:02.102'),(341,'127.0.0.1','/sys/queryTip.action','','http://localhost:8080/beio/sys/queryTip.action','','2017-04-08 12:10:13.568'),(342,'127.0.0.1','/sys/queryRegex.action','','http://localhost:8080/beio/sys/queryRegex.action','','2017-04-08 12:10:13.617'),(343,'127.0.0.1','/image/verifyCode','','http://localhost:8080/beio/image/verifyCode','','2017-04-08 12:10:13.668'),(344,'127.0.0.1','/sys/login','?mr.mobile=15810585235&mr.password=111aaa&mr.imgVerifyCode=ccye','http://localhost:8080/beio/sys/login','','2017-04-08 12:10:22.050'),(345,'127.0.0.1','/sys/queryTip.action','','http://localhost:8080/beio/sys/queryTip.action','','2017-04-08 12:12:44.297'),(346,'127.0.0.1','/sys/queryRegex.action','','http://localhost:8080/beio/sys/queryRegex.action','','2017-04-08 12:12:44.603'),(347,'127.0.0.1','/image/verifyCode','','http://localhost:8080/beio/image/verifyCode','','2017-04-08 12:12:44.674'),(348,'127.0.0.1','/sys/login','?mr.mobile=15810585235&mr.password=111aaa&mr.imgVerifyCode=79g7','http://localhost:8080/beio/sys/login','','2017-04-08 12:12:57.933'),(349,'127.0.0.1','/sys/queryTip.action','','http://localhost:8080/beio/sys/queryTip.action','','2017-04-08 12:22:25.167'),(350,'127.0.0.1','/sys/queryRegex.action','','http://localhost:8080/beio/sys/queryRegex.action','','2017-04-08 12:22:25.446'),(351,'127.0.0.1','/image/verifyCode','','http://localhost:8080/beio/image/verifyCode','','2017-04-08 12:22:25.516'),(352,'127.0.0.1','/sys/login','?mr.mobile=15810585235&mr.password=111aaa&mr.imgVerifyCode=ubq8','http://localhost:8080/beio/sys/login','','2017-04-08 12:22:35.232'),(353,'127.0.0.1','/sys/queryTip.action','','http://localhost:8080/beio/sys/queryTip.action','','2017-04-08 12:32:04.602'),(354,'127.0.0.1','/sys/queryRegex.action','','http://localhost:8080/beio/sys/queryRegex.action','','2017-04-08 12:32:04.911'),(355,'127.0.0.1','/image/verifyCode','','http://localhost:8080/beio/image/verifyCode','','2017-04-08 12:32:04.976'),(356,'127.0.0.1','/sys/login','?mr.mobile=15810585235&mr.password=111aaa&mr.imgVerifyCode=jfk5','http://localhost:8080/beio/sys/login','','2017-04-08 12:32:19.475'),(357,'127.0.0.1','/sys/modifyMemberInfo','?mr.nickName=&mr.email=271000162@qq.com&mr.sex=&mr.birthday=1990-04-27 00:00:00.000&mr.hobby=','http://localhost:8080/beio/sys/modifyMemberInfo','10000','2017-04-08 12:32:28.083'),(358,'127.0.0.1','/sys/modifyMemberInfo','?mr.nickName=&mr.email=271000162@qq.com&mr.sex=&mr.birthday=1990-04-27 00:00:00.000&mr.hobby=','http://localhost:8080/beio/sys/modifyMemberInfo','10000','2017-04-08 12:32:28.242'),(359,'127.0.0.1','/sys/modifyMemberInfo','?mr.nickName=111&mr.email=271000162@qq.com&mr.sex=&mr.birthday=1990-04-27 00:00:00.000&mr.hobby=111','http://localhost:8080/beio/sys/modifyMemberInfo','','2017-04-08 12:37:56.778'),(360,'127.0.0.1','/sys/modifyMemberInfo','?mr.nickName=111&mr.email=271000162@qq.com&mr.sex=&mr.birthday=1990-04-27 00:00:00.000&mr.hobby=111','http://localhost:8080/beio/sys/modifyMemberInfo','','2017-04-08 12:40:05.971'),(361,'127.0.0.1','/sys/modifyMemberInfo','?mr.nickName=111&mr.email=271000162@qq.com&mr.sex=&mr.birthday=1990-04-27 00:00:00.000&mr.hobby=111','http://localhost:8080/beio/sys/modifyMemberInfo','','2017-04-08 12:40:16.605'),(362,'127.0.0.1','/sys/modifyMemberInfo','?mr.nickName=111&mr.email=271000162@qq.com&mr.sex=&mr.birthday=1990-04-27 00:00:00.000&mr.hobby=111','http://localhost:8080/beio/sys/modifyMemberInfo','','2017-04-08 12:40:29.789'),(363,'127.0.0.1','/sys/modifyMemberInfo','?mr.nickName=&mr.email=271000162@qq.com&mr.sex=&mr.birthday=1990-04-27 00:00:00.000&mr.hobby=','http://localhost:8080/beio/sys/modifyMemberInfo','','2017-04-08 12:40:32.439'),(364,'127.0.0.1','/sys/modifyMemberInfo','?mr.nickName=&mr.email=271000162@qq.com&mr.sex=&mr.birthday=1990-04-27 00:00:00.000&mr.hobby=','http://localhost:8080/beio/sys/modifyMemberInfo','','2017-04-08 12:40:43.286'),(365,'127.0.0.1','/sys/queryTip.action','','http://localhost:8080/beio/sys/queryTip.action','','2017-04-08 12:41:03.616'),(366,'127.0.0.1','/sys/queryRegex.action','','http://localhost:8080/beio/sys/queryRegex.action','','2017-04-08 12:41:03.746'),(367,'127.0.0.1','/image/verifyCode','','http://localhost:8080/beio/image/verifyCode','','2017-04-08 12:41:03.814'),(368,'127.0.0.1','/sys/login','?mr.mobile=15810585235&mr.password=111aaa&mr.imgVerifyCode=kgxg','http://localhost:8080/beio/sys/login','','2017-04-08 12:41:21.768'),(369,'127.0.0.1','/sys/modifyMemberInfo','?mr.nickName=111&mr.email=271000162@qq.com&mr.sex=&mr.birthday=1990-04-27 00:00:00.000&mr.hobby=111','http://localhost:8080/beio/sys/modifyMemberInfo','10000','2017-04-08 12:41:26.134'),(370,'127.0.0.1','/sys/modifyMemberInfo','?mr.nickName=111&mr.email=271000162@qq.com&mr.sex=&mr.birthday=1990-04-27 00:00:00.000&mr.hobby=111','http://localhost:8080/beio/sys/modifyMemberInfo','10000','2017-04-08 12:41:56.261'),(371,'127.0.0.1','/sys/modifyMemberInfo','?mr.nickName=111&mr.email=271000162@qq.com&mr.sex=&mr.birthday=1990-04-27 00:00:00.000&mr.hobby=111','http://localhost:8080/beio/sys/modifyMemberInfo','10000','2017-04-08 12:43:05.889'),(372,'127.0.0.1','/sys/modifyMemberInfo','?mr.nickName=&mr.email=271000162@qq.com&mr.sex=&mr.birthday=1990-04-27 00:00:00.000&mr.hobby=','http://localhost:8080/beio/sys/modifyMemberInfo','10000','2017-04-08 12:43:09.651'),(373,'127.0.0.1','/sys/modifyMemberInfo','?mr.nickName=&mr.email=271000162@qq.com&mr.sex=&mr.birthday=1990-04-27 00:00:00.000&mr.hobby=','http://localhost:8080/beio/sys/modifyMemberInfo','10000','2017-04-08 12:43:19.421'),(374,'127.0.0.1','/sys/modifyMemberInfo','?mr.nickName=111&mr.email=271000162@qq.com&mr.sex=&mr.birthday=1990-04-27 00:00:00.000&mr.hobby=','http://localhost:8080/beio/sys/modifyMemberInfo','10000','2017-04-08 12:43:49.832'),(375,'127.0.0.1','/sys/modifyMemberInfo','?mr.nickName=11&mr.email=271000162@qq.com&mr.sex=&mr.birthday=1990-04-27 00:00:00.000&mr.hobby=11','http://localhost:8080/beio/sys/modifyMemberInfo','10000','2017-04-08 12:44:29.246'),(376,'127.0.0.1','/sys/modifyMemberInfo','?mr.nickName=&mr.email=271000162@qq.com&mr.sex=&mr.birthday=1990-04-27 00:00:00.000&mr.hobby=','http://localhost:8080/beio/sys/modifyMemberInfo','10000','2017-04-08 12:44:41.405'),(377,'127.0.0.1','/sys/queryTip.action','','http://localhost:8080/beio/sys/queryTip.action','','2017-04-08 12:46:33.096'),(378,'127.0.0.1','/sys/queryRegex.action','','http://localhost:8080/beio/sys/queryRegex.action','','2017-04-08 12:46:33.148'),(379,'127.0.0.1','/image/verifyCode','','http://localhost:8080/beio/image/verifyCode','','2017-04-08 12:46:33.198'),(380,'127.0.0.1','/sys/login','?mr.mobile=15810585235&mr.password=111aaa&mr.imgVerifyCode=8x5h','http://localhost:8080/beio/sys/login','','2017-04-08 12:46:44.573'),(381,'127.0.0.1','/sys/modifyMemberInfo','?mr.nickName=11&mr.email=271000162@qq.com&mr.sex=&mr.birthday=1990-04-27 00:00:00.000&mr.hobby=11','http://localhost:8080/beio/sys/modifyMemberInfo','10000','2017-04-08 12:46:49.138'),(382,'127.0.0.1','/image/verifyCode','','http://localhost:8080/beio/image/verifyCode','10000','2017-04-08 12:47:04.129'),(383,'127.0.0.1','/sys/queryTip.action','','http://localhost:8080/beio/sys/queryTip.action','','2017-04-08 12:47:40.016'),(384,'127.0.0.1','/sys/queryRegex.action','','http://localhost:8080/beio/sys/queryRegex.action','','2017-04-08 12:47:40.083'),(385,'127.0.0.1','/image/verifyCode','','http://localhost:8080/beio/image/verifyCode','','2017-04-08 12:47:40.134'),(386,'127.0.0.1','/sys/login','?mr.mobile=15810585235&mr.password=111aaa&mr.imgVerifyCode=mf7d','http://localhost:8080/beio/sys/login','','2017-04-08 12:47:50.901'),(387,'127.0.0.1','/sys/modifyMemberInfo','?mr.nickName=11&mr.email=271000162@qq.com&mr.sex=&mr.birthday=1990-04-27 00:00:00.000&mr.hobby=11','http://localhost:8080/beio/sys/modifyMemberInfo','10000','2017-04-08 12:47:53.067'),(388,'127.0.0.1','/sys/queryTip.action','','http://localhost:8080/beio/sys/queryTip.action','','2017-04-08 12:51:52.741'),(389,'127.0.0.1','/sys/queryRegex.action','','http://localhost:8080/beio/sys/queryRegex.action','','2017-04-08 12:51:52.781'),(390,'127.0.0.1','/image/verifyCode','','http://localhost:8080/beio/image/verifyCode','','2017-04-08 12:51:54.034'),(391,'127.0.0.1','/sys/login','?mr.mobile=15810585235&mr.password=111aaa&mr.imgVerifyCode=ghj3','http://localhost:8080/beio/sys/login','','2017-04-08 12:52:04.291'),(392,'127.0.0.1','/sys/login','?mr.mobile=15810585235&mr.password=111aaa&mr.imgVerifyCode=chj3','http://localhost:8080/beio/sys/login','','2017-04-08 12:52:12.304'),(393,'127.0.0.1','/sys/modifyMemberInfo','?mr.nickName=11&mr.email=271000162@qq.com&mr.sex=&mr.birthday=1990-04-27 00:00:00.000&mr.hobby=11','http://localhost:8080/beio/sys/modifyMemberInfo','10000','2017-04-08 12:52:33.867'),(394,'127.0.0.1','/sys/modifyMemberInfo','?mr.nickName=11&mr.email=271000162@qq.com&mr.sex=&mr.birthday=1990-04-27 00:00:00.000&mr.hobby=11','http://localhost:8080/beio/sys/modifyMemberInfo','','2017-04-08 12:57:34.864'),(395,'127.0.0.1','/sys/queryTip.action','','http://localhost:8080/beio/sys/queryTip.action','','2017-04-08 12:58:02.489'),(396,'127.0.0.1','/sys/queryRegex.action','','http://localhost:8080/beio/sys/queryRegex.action','','2017-04-08 12:58:02.603'),(397,'127.0.0.1','/image/verifyCode','','http://localhost:8080/beio/image/verifyCode','','2017-04-08 12:58:03.535'),(398,'127.0.0.1','/sys/login','?mr.mobile=15810585235&mr.password=111aaa&mr.imgVerifyCode=kh8h','http://localhost:8080/beio/sys/login','','2017-04-08 12:58:12.648'),(399,'127.0.0.1','/sys/modifyMemberInfo','?mr.nickName=11&mr.email=271000162@qq.com&mr.sex=&mr.birthday=1990-04-27 00:00:00.000&mr.hobby=11','http://localhost:8080/beio/sys/modifyMemberInfo','10000','2017-04-08 12:58:14.806'),(400,'127.0.0.1','/sys/modifyMemberInfo','?mr.nickName=11&mr.email=271000162@qq.com&mr.sex=&mr.birthday=1990-04-27 00:00:00.000&mr.hobby=11','http://localhost:8080/beio/sys/modifyMemberInfo','10000','2017-04-08 12:58:15.021'),(401,'127.0.0.1','/sys/queryTip.action','','http://localhost:8080/beio/sys/queryTip.action','','2017-04-08 12:59:32.202'),(402,'127.0.0.1','/sys/queryRegex.action','','http://localhost:8080/beio/sys/queryRegex.action','','2017-04-08 12:59:32.505'),(403,'127.0.0.1','/image/verifyCode','','http://localhost:8080/beio/image/verifyCode','','2017-04-08 12:59:33.714'),(404,'127.0.0.1','/sys/login','?mr.mobile=15810585235&mr.password=111aaa&mr.imgVerifyCode=6tl4','http://localhost:8080/beio/sys/login','','2017-04-08 12:59:44.224'),(405,'127.0.0.1','/sys/modifyMemberInfo','?mr.nickName=11&mr.email=271000162@qq.com&mr.sex=&mr.birthday=1990-04-27 00:00:00.000&mr.hobby=11','http://localhost:8080/beio/sys/modifyMemberInfo','10000','2017-04-08 12:59:46.254'),(406,'127.0.0.1','/sys/modifyMemberInfo','?mr.nickName=11&mr.email=271000162@qq.com&mr.sex=&mr.birthday=1990-04-27 00:00:00.000&mr.hobby=11','http://localhost:8080/beio/sys/modifyMemberInfo','10000','2017-04-08 13:00:31.598'),(407,'127.0.0.1','/sys/modifyMemberInfo','?mr.nickName=11&mr.email=271000162@qq.com&mr.sex=&mr.birthday=1990-04-27 00:00:00.000&mr.hobby=11','http://localhost:8080/beio/sys/modifyMemberInfo','10000','2017-04-08 13:00:31.971'),(408,'127.0.0.1','/sys/modifyMemberInfo','?mr.nickName=11&mr.email=271000162@qq.com&mr.sex=&mr.birthday=1990-04-27 00:00:00.000&mr.hobby=11','http://localhost:8080/beio/sys/modifyMemberInfo','10000','2017-04-08 13:00:35.613'),(409,'127.0.0.1','/sys/modifyMemberInfo','?mr.nickName=11&mr.email=271000162@qq.com&mr.sex=&mr.birthday=1990-04-27 00:00:00.000&mr.hobby=11','http://localhost:8080/beio/sys/modifyMemberInfo','10000','2017-04-08 13:00:50.380'),(410,'127.0.0.1','/sys/modifyMemberInfo','?mr.nickName=11&mr.email=271000162@qq.com&mr.sex=&mr.birthday=1990-04-27 00:00:00.000&mr.hobby=11','http://localhost:8080/beio/sys/modifyMemberInfo','10000','2017-04-08 13:01:11.172'),(411,'127.0.0.1','/sys/modifyMemberInfo','?mr.nickName=11&mr.email=271000162@qq.com&mr.sex=&mr.birthday=1990-04-27 00:00:00.000&mr.hobby=11','http://localhost:8080/beio/sys/modifyMemberInfo','10000','2017-04-08 13:03:19.954'),(412,'127.0.0.1','/sys/modifyMemberInfo','?mr.nickName=11&mr.email=271000162@qq.com&mr.sex=&mr.birthday=1990-04-27 00:00:00.000&mr.hobby=11','http://localhost:8080/beio/sys/modifyMemberInfo','10000','2017-04-08 13:03:22.869'),(413,'127.0.0.1','/sys/modifyMemberInfo','?mr.nickName=11&mr.email=271000162@qq.com&mr.birthday=1990-04-27 00:00:00.000&mr.hobby=11','http://localhost:8080/beio/sys/modifyMemberInfo','10000','2017-04-08 13:04:08.701'),(414,'127.0.0.1','/sys/modifyMemberInfo','?mr.nickName=11&mr.email=271000162@qq.com&mr.birthday=1990-04-27 00:00:00.000&mr.hobby=11','http://localhost:8080/beio/sys/modifyMemberInfo','10000','2017-04-08 13:04:11.042'),(415,'127.0.0.1','/sys/modifyMemberInfo','?mr.nickName=11&mr.email=271000162@qq.com&mr.birthday=1990-04-27 00:00:00.000&mr.hobby=11','http://localhost:8080/beio/sys/modifyMemberInfo','10000','2017-04-08 13:04:34.923'),(416,'127.0.0.1','/sys/modifyMemberInfo','?mr.nickName=11&mr.email=271000162@qq.com&mr.birthday=1990-04-27 00:00:00.000&mr.hobby=11','http://localhost:8080/beio/sys/modifyMemberInfo','10000','2017-04-08 13:04:36.821'),(417,'127.0.0.1','/sys/modifyMemberInfo','?mr.nickName=11&mr.email=271000162@qq.com&mr.sex=1&mr.birthday=1990-04-27 00:00:00.000&mr.hobby=11','http://localhost:8080/beio/sys/modifyMemberInfo','10000','2017-04-08 13:04:47.662'),(418,'127.0.0.1','/sys/modifyMemberInfo','?mr.nickName=11&mr.email=271000162@qq.com&mr.birthday=1990-04-27 00:00:00.000&mr.hobby=11','http://localhost:8080/beio/sys/modifyMemberInfo','10000','2017-04-08 13:04:52.900'),(419,'127.0.0.1','/sys/modifyMemberInfo','?mr.nickName=11&mr.email=271000162@qq.com&mr.sex=1&mr.birthday=1990-04-27 00:00:00.000&mr.hobby=11','http://localhost:8080/beio/sys/modifyMemberInfo','10000','2017-04-08 13:07:09.842'),(420,'127.0.0.1','/sys/modifyMemberInfo','?mr.nickName=11&mr.email=271000162@qq.com&mr.sex=0&mr.birthday=1990-04-27 00:00:00.000&mr.hobby=11','http://localhost:8080/beio/sys/modifyMemberInfo','10000','2017-04-08 13:07:12.267'),(421,'127.0.0.1','/sys/modifyMemberInfo','?mr.nickName=11&mr.email=271000162@qq.com&mr.sex=1&mr.birthday=1990-04-27 00:00:00.000&mr.hobby=11','http://localhost:8080/beio/sys/modifyMemberInfo','10000','2017-04-08 13:07:24.612'),(422,'127.0.0.1','/sys/modifyMemberInfo','?mr.nickName=11&mr.email=271000162@qq.com&mr.sex=0&mr.birthday=1990-04-27 00:00:00.000&mr.hobby=11','http://localhost:8080/beio/sys/modifyMemberInfo','10000','2017-04-08 13:07:36.945'),(423,'127.0.0.1','/sys/modifyMemberInfo','?mr.nickName=11&mr.email=271000162@qq.com&mr.sex=0&mr.birthday=&mr.hobby=11','http://localhost:8080/beio/sys/modifyMemberInfo','10000','2017-04-08 13:07:48.976'),(424,'127.0.0.1','/sys/modifyMemberInfo','?mr.nickName=11&mr.email=271000162@qq.com&mr.sex=0&mr.birthday=1990-04-27 00:00:00.000&mr.hobby=11','http://localhost:8080/beio/sys/modifyMemberInfo','','2017-04-08 13:09:12.701'),(425,'127.0.0.1','/sys/modifyMemberInfo','','http://localhost:8080/beio/sys/modifyMemberInfo','','2017-04-08 13:11:35.633'),(426,'127.0.0.1','/sys/modifyMemberInfo','','http://localhost:8080/beio/sys/modifyMemberInfo','','2017-04-08 13:12:05.228'),(427,'127.0.0.1','/sys/modifyMemberInfo','','http://localhost:8080/beio/sys/modifyMemberInfo','','2017-04-08 13:12:54.165'),(428,'127.0.0.1','/sys/modifyMemberInfo','','http://localhost:8080/beio/sys/modifyMemberInfo','','2017-04-08 13:13:06.305'),(429,'127.0.0.1','/sys/modifyMemberInfo','','http://localhost:8080/beio/sys/modifyMemberInfo','','2017-04-08 13:13:06.712'),(430,'127.0.0.1','/sys/modifyMemberInfo','','http://localhost:8080/beio/sys/modifyMemberInfo','','2017-04-08 13:13:06.864'),(431,'127.0.0.1','/sys/modifyMemberInfo','','http://localhost:8080/beio/sys/modifyMemberInfo','','2017-04-08 13:16:05.028'),(432,'127.0.0.1','/sys/modifyMemberInfo','','http://localhost:8080/beio/sys/modifyMemberInfo','','2017-04-08 13:16:05.120'),(433,'127.0.0.1','/sys/modifyMemberInfo','','http://localhost:8080/beio/sys/modifyMemberInfo','','2017-04-08 13:16:05.768'),(434,'127.0.0.1','/sys/modifyMemberInfo','','http://localhost:8080/beio/sys/modifyMemberInfo','','2017-04-08 13:16:05.833'),(435,'127.0.0.1','/sys/modifyMemberInfo','','http://localhost:8080/beio/sys/modifyMemberInfo','','2017-04-08 13:16:06.672'),(436,'127.0.0.1','/sys/modifyMemberInfo','','http://localhost:8080/beio/sys/modifyMemberInfo','','2017-04-08 13:16:06.727'),(437,'127.0.0.1','/sys/modifyMemberInfo','','http://localhost:8080/beio/sys/modifyMemberInfo','','2017-04-08 13:16:49.365'),(438,'127.0.0.1','/sys/modifyMemberInfo','','http://localhost:8080/beio/sys/modifyMemberInfo','','2017-04-08 13:16:49.521'),(439,'127.0.0.1','/sys/modifyMemberInfo','','http://localhost:8080/beio/sys/modifyMemberInfo','','2017-04-08 13:18:43.664'),(440,'127.0.0.1','/sys/modifyMemberInfo','','http://localhost:8080/beio/sys/modifyMemberInfo','','2017-04-08 13:21:05.269'),(441,'127.0.0.1','/sys/modifyMemberInfo','?mr.nickName=11&mr.email=271000162@qq.com&mr.sex=0&mr.birthday=1990-04-27 00:00:00.000&mr.hobby=11','http://localhost:8080/beio/sys/modifyMemberInfo','','2017-04-08 13:21:24.496'),(442,'127.0.0.1','/sys/modifyMemberInfo','?mr.nickName=11&mr.email=271000162@qq.com&mr.sex=0&mr.birthday=1990-04-27 00:00:00.000&mr.hobby=11','http://localhost:8080/beio/sys/modifyMemberInfo','','2017-04-08 13:21:25.332'),(443,'127.0.0.1','/sys/modifyMemberInfo','?mr.nickName=11&mr.email=271000162@qq.com&mr.sex=0&mr.birthday=1990-04-27 00:00:00.000&mr.hobby=11','http://localhost:8080/beio/sys/modifyMemberInfo','','2017-04-08 13:21:26.003'),(444,'127.0.0.1','/sys/modifyMemberInfo','?mr.nickName=11&mr.email=271000162@qq.com&mr.sex=0&mr.birthday=1990-04-27 00:00:00.000&mr.hobby=11','http://localhost:8080/beio/sys/modifyMemberInfo','','2017-04-08 13:21:26.195'),(445,'127.0.0.1','/sys/modifyMemberInfo','?mr.nickName=11&mr.email=271000162@qq.com&mr.sex=0&mr.birthday=1990-04-27 00:00:00.000&mr.hobby=11','http://localhost:8080/beio/sys/modifyMemberInfo','','2017-04-08 13:21:26.387'),(446,'127.0.0.1','/sys/modifyMemberInfo','?mr.nickName=11&mr.email=271000162@qq.com&mr.sex=0&mr.birthday=1990-04-27 00:00:00.000&mr.hobby=11','http://localhost:8080/beio/sys/modifyMemberInfo','','2017-04-08 13:21:33.205'),(447,'127.0.0.1','/sys/modifyMemberInfo','?mr.nickName=11&mr.email=271000162@qq.com&mr.sex=0&mr.birthday=1990-04-27 00:00:00.000&mr.hobby=11','http://localhost:8080/beio/sys/modifyMemberInfo','','2017-04-08 13:21:33.468'),(448,'127.0.0.1','/sys/queryTip.action','','http://localhost:8080/beio/sys/queryTip.action','','2017-04-08 13:21:55.851'),(449,'127.0.0.1','/sys/queryRegex.action','','http://localhost:8080/beio/sys/queryRegex.action','','2017-04-08 13:21:55.922'),(450,'127.0.0.1','/image/verifyCode','','http://localhost:8080/beio/image/verifyCode','','2017-04-08 13:21:55.992'),(451,'127.0.0.1','/sys/login','?mr.mobile=15810585235&mr.password=111aaa&mr.imgVerifyCode=hj29','http://localhost:8080/beio/sys/login','','2017-04-08 13:22:07.295'),(452,'127.0.0.1','/sys/modifyMemberInfo','?mr.nickName=11&mr.email=271000162@qq.com&mr.sex=0&mr.birthday=1990-04-27 00:00:00.000&mr.hobby=11','http://localhost:8080/beio/sys/modifyMemberInfo','10000','2017-04-08 13:22:09.460'),(453,'127.0.0.1','/sys/modifyMemberInfo','?mr.nickName=11&mr.email=271000162@qq.com&mr.sex=1&mr.birthday=1990-04-27 00:00:00.000&mr.hobby=11','http://localhost:8080/beio/sys/modifyMemberInfo','10000','2017-04-08 13:22:12.852'),(454,'127.0.0.1','/sys/modifyMemberInfo','?mr.nickName=11&mr.email=271000162@qq.com&mr.sex=1&mr.birthday=1990-04-27 00:00:00.000&mr.hobby=11','http://localhost:8080/beio/sys/modifyMemberInfo','','2017-04-08 13:22:31.775'),(455,'127.0.0.1','/sys/modifyMemberInfo','?mr.nickName=11&mr.email=271000162@qq.com&mr.sex=1&mr.birthday=1990-04-27 00:00:00.000&mr.hobby=11','http://localhost:8080/beio/sys/modifyMemberInfo','','2017-04-08 13:22:34.998'),(456,'127.0.0.1','/sys/queryTip.action','','http://localhost:8080/beio/sys/queryTip.action','','2017-04-08 13:34:15.361'),(457,'127.0.0.1','/sys/queryRegex.action','','http://localhost:8080/beio/sys/queryRegex.action','','2017-04-08 13:34:15.736'),(458,'127.0.0.1','/sys/querySessionMember','','http://localhost:8080/beio/sys/querySessionMember','','2017-04-08 13:34:15.808'),(459,'127.0.0.1','/sys/querySessionMember','','http://localhost:8080/beio/sys/querySessionMember','','2017-04-08 13:34:18.782'),(460,'127.0.0.1','/sys/querySessionMember','','http://localhost:8080/beio/sys/querySessionMember','','2017-04-08 13:34:43.194'),(461,'127.0.0.1','/sys/querySessionMember','','http://localhost:8080/beio/sys/querySessionMember','','2017-04-08 13:34:51.999'),(462,'127.0.0.1','/sys/querySessionMember','','http://localhost:8080/beio/sys/querySessionMember','','2017-04-08 13:35:07.074'),(463,'127.0.0.1','/sys/querySessionMember','','http://localhost:8080/beio/sys/querySessionMember','','2017-04-08 13:35:23.143'),(464,'127.0.0.1','/sys/querySessionMember','','http://localhost:8080/beio/sys/querySessionMember','','2017-04-08 13:35:42.442'),(465,'127.0.0.1','/sys/querySessionMember','','http://localhost:8080/beio/sys/querySessionMember','','2017-04-08 13:36:02.960'),(466,'127.0.0.1','/sys/querySessionMember','','http://localhost:8080/beio/sys/querySessionMember','','2017-04-08 13:36:20.384'),(467,'127.0.0.1','/image/verifyCode','','http://localhost:8080/beio/image/verifyCode','','2017-04-08 13:36:21.152'),(468,'127.0.0.1','/sys/login','?mr.mobile=15810585235&mr.password=111aaa&mr.imgVerifyCode=2uvf','http://localhost:8080/beio/sys/login','','2017-04-08 13:37:03.852'),(469,'127.0.0.1','/sys/modifyMemberInfo','?mr.nickName=11&mr.email=271000162@qq.com&mr.sex=0&mr.birthday=1990-04-27 00:00:00.000&mr.hobby=11','http://localhost:8080/beio/sys/modifyMemberInfo','10000','2017-04-08 13:37:09.097'),(470,'127.0.0.1','/sys/querySessionMember','','http://localhost:8080/beio/sys/querySessionMember','10000','2017-04-08 13:37:12.225'),(471,'127.0.0.1','/sys/modifyMemberInfo','?mr.nickName=11&mr.email=271000162@qq.com&mr.sex=0&mr.birthday=1990-04-27 00:00:00.000&mr.hobby=11','http://localhost:8080/beio/sys/modifyMemberInfo','','2017-04-08 13:37:25.070'),(472,'127.0.0.1','/sys/querySessionMember','','http://localhost:8080/beio/sys/querySessionMember','','2017-04-08 13:37:26.733'),(473,'127.0.0.1','/image/verifyCode','','http://localhost:8080/beio/image/verifyCode','','2017-04-08 13:37:26.838'),(474,'127.0.0.1','/sys/login','?mr.mobile=15810018074&mr.password=111aaa&mr.imgVerifyCode=huuc','http://localhost:8080/beio/sys/login','','2017-04-08 13:37:38.717'),(475,'127.0.0.1','/sys/login','?mr.mobile=15810585235&mr.password=111aaa&mr.imgVerifyCode=huuc','http://localhost:8080/beio/sys/login','','2017-04-08 13:37:53.849'),(476,'127.0.0.1','/sys/modifyMemberInfo','?mr.nickName=11&mr.email=271000162@qq.com&mr.sex=1&mr.birthday=1990-04-27 00:00:00.000&mr.hobby=11','http://localhost:8080/beio/sys/modifyMemberInfo','10000','2017-04-08 13:37:56.232'),(477,'127.0.0.1','/image/verifyCode','','http://localhost:8080/beio/image/verifyCode','','2017-04-08 13:44:48.500'),(478,'127.0.0.1','/image/verifyCode','','http://localhost:8080/beio/image/verifyCode','','2017-04-08 13:44:52.930'),(479,'127.0.0.1','/image/verifyCode','','http://localhost:8080/beio/image/verifyCode','','2017-04-08 13:44:59.926'),(480,'127.0.0.1','/sys/querySessionMember','','http://localhost:8080/beio/sys/querySessionMember','','2017-04-08 13:46:11.138'),(481,'127.0.0.1','/image/verifyCode','','http://localhost:8080/beio/image/verifyCode','','2017-04-08 13:46:11.209'),(482,'127.0.0.1','/sys/login','?mr.mobile=15810585235&mr.password=111aaa&mr.imgVerifyCode=8L7t','http://localhost:8080/beio/sys/login','','2017-04-08 13:46:28.589'),(483,'127.0.0.1','/sys/modifyMemberInfo','?mr.nickName=11&mr.email=271000162@qq.com&mr.sex=0&mr.birthday=1990-04-27 00:00:00.000&mr.hobby=11','http://localhost:8080/beio/sys/modifyMemberInfo','10000','2017-04-08 13:46:30.657'),(484,'127.0.0.1','/sys/querySessionMember','','http://localhost:8080/beio/sys/querySessionMember','10000','2017-04-08 14:00:53.713'),(485,'127.0.0.1','/sys/querySessionMember','','http://localhost:8080/beio/sys/querySessionMember','10000','2017-04-08 14:00:54.768'),(486,'127.0.0.1','/image/verifyCode','','http://localhost:8080/beio/image/verifyCode','','2017-04-08 14:01:06.637'),(487,'127.0.0.1','/sys/queryTip.action','','http://localhost:8080/beio/sys/queryTip.action','','2017-04-08 14:01:06.794'),(488,'127.0.0.1','/sys/queryRegex.action','','http://localhost:8080/beio/sys/queryRegex.action','','2017-04-08 14:01:06.862'),(489,'127.0.0.1','/sys/login','?mr.mobile=15810585235&mr.password=111aaa&mr.imgVerifyCode=7a65','http://localhost:8080/beio/sys/login','','2017-04-08 14:01:21.069'),(490,'127.0.0.1','/sys/login','?mr.mobile=15810585235&mr.password=111aaa&mr.imgVerifyCode=ta65','http://localhost:8080/beio/sys/login','','2017-04-08 14:01:24.721'),(491,'127.0.0.1','/sys/querySessionMember','','http://localhost:8080/beio/sys/querySessionMember','','2017-04-08 14:01:46.705'),(492,'127.0.0.1','/sys/querySessionMember','','http://localhost:8080/beio/sys/querySessionMember','','2017-04-08 14:02:12.693'),(493,'127.0.0.1','/sys/querySessionMember','','http://localhost:8080/beio/sys/querySessionMember','','2017-04-08 14:02:13.449'),(494,'127.0.0.1','/sys/querySessionMember','','http://localhost:8080/beio/sys/querySessionMember','','2017-04-08 14:02:13.683'),(495,'127.0.0.1','/sys/querySessionMember','','http://localhost:8080/beio/sys/querySessionMember','','2017-04-08 14:02:13.850'),(496,'127.0.0.1','/sys/querySessionMember','','http://localhost:8080/beio/sys/querySessionMember','','2017-04-08 14:02:53.695'),(497,'127.0.0.1','/sys/querySessionMember','','http://localhost:8080/beio/sys/querySessionMember','','2017-04-08 14:03:17.178'),(498,'127.0.0.1','/sys/querySessionMember','','http://localhost:8080/beio/sys/querySessionMember','','2017-04-08 14:03:43.412'),(499,'127.0.0.1','/image/verifyCode','','http://localhost:8080/beio/image/verifyCode','','2017-04-08 14:03:43.482'),(500,'127.0.0.1','/image/verifyCode','','http://localhost:8080/beio/image/verifyCode','','2017-04-08 14:03:55.456'),(501,'127.0.0.1','/image/verifyCode','?flushStr1491631445974=','http://localhost:8080/beio/image/verifyCode','','2017-04-08 14:04:05.990'),(502,'127.0.0.1','/sys/login','?mr.mobile=15810585235&mr.password=111aaa&mr.imgVerifyCode=pjnh','http://localhost:8080/beio/sys/login','','2017-04-08 14:04:10.004'),(503,'127.0.0.1','/image/verifyCode','?flushStr1491631451422=','http://localhost:8080/beio/image/verifyCode','','2017-04-08 14:04:11.437'),(504,'127.0.0.1','/sys/login','?mr.mobile=15810585235&mr.password=111aaa&mr.imgVerifyCode=ng2a','http://localhost:8080/beio/sys/login','','2017-04-08 14:04:14.437'),(505,'127.0.0.1','/sys/querySessionMember','','http://localhost:8080/beio/sys/querySessionMember','','2017-04-08 14:04:36.957'),(506,'127.0.0.1','/sys/login','?mr.mobile=15810585235&mr.password=111aaa&mr.autoLoginMark=autologin','http://localhost:8080/beio/sys/login','','2017-04-08 14:04:37.188'),(507,'127.0.0.1','/sys/modifyMemberInfo','?mr.nickName=11&mr.email=271000162@qq.com&mr.sex=1&mr.birthday=1990-04-27 00:00:00.000&mr.hobby=11','http://localhost:8080/beio/sys/modifyMemberInfo','10000','2017-04-08 14:04:41.654'),(508,'127.0.0.1','/sys/querySessionMember','','http://localhost:8080/beio/sys/querySessionMember','','2017-04-08 15:49:53.680'),(509,'127.0.0.1','/sys/login','?mr.mobile=15810585235&mr.password=111aaa&mr.autoLoginMark=autologin','http://localhost:8080/beio/sys/login','','2017-04-08 15:49:53.921'),(510,'127.0.0.1','/sys/querySessionMember','','http://localhost:8080/beio/sys/querySessionMember','10000','2017-04-08 15:49:58.125'),(511,'127.0.0.1','/sys/modifyMemberInfo','?mr.nickName=11&mr.email=271000162@qq.com&mr.sex=0&mr.birthday=1990-04-27 00:00:00.000&mr.hobby=11','http://localhost:8080/beio/sys/modifyMemberInfo','10000','2017-04-08 15:50:48.470'),(512,'127.0.0.1','/sys/querySessionMember','','http://localhost:8080/beio/sys/querySessionMember','10000','2017-04-08 16:34:58.793'),(513,'127.0.0.1','/sys/querySessionMember','','http://localhost:8080/beio/sys/querySessionMember','10000','2017-04-08 16:37:10.284'),(514,'127.0.0.1','/sys/querySessionMember','','http://localhost:8080/beio/sys/querySessionMember','10000','2017-04-08 16:37:33.517'),(515,'127.0.0.1','/image/verifyCode','','http://localhost:8080/beio/image/verifyCode','','2017-04-08 19:47:51.959'),(516,'127.0.0.1','/image/verifyCode','','http://localhost:8080/beio/image/verifyCode','','2017-04-08 19:47:53.614'),(517,'127.0.0.1','/image/verifyCode','','http://localhost:8080/beio/image/verifyCode','','2017-04-08 19:49:40.164'),(518,'127.0.0.1','/image/verifyCode','','http://localhost:8080/beio/image/verifyCode','','2017-04-08 19:49:40.344'),(519,'127.0.0.1','/image/verifyCode','','http://localhost:8080/beio/image/verifyCode','','2017-04-08 19:50:20.984'),(520,'127.0.0.1','/image/verifyCode','','http://localhost:8080/beio/image/verifyCode','','2017-04-08 19:54:57.736'),(521,'127.0.0.1','/image/verifyCode','','http://localhost:8080/beio/image/verifyCode','','2017-04-08 20:02:27.820'),(522,'127.0.0.1','/sys/querySessionMember','','http://localhost:8080/beio/sys/querySessionMember','','2017-04-09 12:47:40.855'),(523,'127.0.0.1','/sys/login','?mr.mobile=15810585235&mr.password=111aaa&mr.autoLoginMark=autologin','http://localhost:8080/beio/sys/login','','2017-04-09 12:47:41.080'),(524,'127.0.0.1','/sys/querySessionMember','','http://localhost:8080/beio/sys/querySessionMember','10000','2017-04-09 12:47:58.057'),(525,'127.0.0.1','/sys/querySessionMember','','http://localhost:8080/beio/sys/querySessionMember','10000','2017-04-09 12:47:58.341'),(526,'127.0.0.1','/sys/querySessionMember','','http://localhost:8080/beio/sys/querySessionMember','10000','2017-04-09 12:48:49.218'),(527,'127.0.0.1','/sys/querySessionMember','','http://localhost:8080/beio/sys/querySessionMember','10000','2017-04-09 12:48:54.084'),(528,'127.0.0.1','/sys/querySessionMember','','http://localhost:8080/beio/sys/querySessionMember','10000','2017-04-09 12:49:05.944'),(529,'127.0.0.1','/sys/querySessionMember','','http://localhost:8080/beio/sys/querySessionMember','10000','2017-04-09 12:49:06.432'),(530,'127.0.0.1','/sys/querySessionMember','','http://localhost:8080/beio/sys/querySessionMember','10000','2017-04-09 12:49:06.625'),(531,'127.0.0.1','/sys/querySessionMember','','http://localhost:8080/beio/sys/querySessionMember','10000','2017-04-09 12:49:06.801'),(532,'127.0.0.1','/sys/querySessionMember','','http://localhost:8080/beio/sys/querySessionMember','10000','2017-04-09 12:49:24.051'),(533,'127.0.0.1','/sys/querySessionMember','','http://localhost:8080/beio/sys/querySessionMember','10000','2017-04-09 12:49:24.288'),(534,'127.0.0.1','/sys/querySessionMember','','http://localhost:8080/beio/sys/querySessionMember','10000','2017-04-09 12:49:24.449'),(535,'127.0.0.1','/sys/queryTip.action','','http://localhost:8080/beio/sys/queryTip.action','10000','2017-04-09 12:49:46.404'),(536,'127.0.0.1','/sys/queryRegex.action','','http://localhost:8080/beio/sys/queryRegex.action','10000','2017-04-09 12:49:46.488'),(537,'127.0.0.1','/sys/querySessionMember','','http://localhost:8080/beio/sys/querySessionMember','10000','2017-04-09 12:49:46.532'),(538,'127.0.0.1','/sys/querySessionMember','','http://localhost:8080/beio/sys/querySessionMember','10000','2017-04-09 12:49:46.742'),(539,'127.0.0.1','/sys/querySessionMember','','http://localhost:8080/beio/sys/querySessionMember','10000','2017-04-09 12:49:46.964'),(540,'127.0.0.1','/sys/querySessionMember','','http://localhost:8080/beio/sys/querySessionMember','10000','2017-04-09 12:49:47.120'),(541,'127.0.0.1','/sys/querySessionMember','','http://localhost:8080/beio/sys/querySessionMember','10000','2017-04-09 12:49:47.260'),(542,'127.0.0.1','/sys/querySessionMember','','http://localhost:8080/beio/sys/querySessionMember','10000','2017-04-09 12:49:49.258'),(543,'127.0.0.1','/sys/querySessionMember','','http://localhost:8080/beio/sys/querySessionMember','10000','2017-04-09 12:49:49.420'),(544,'127.0.0.1','/sys/querySessionMember','','http://localhost:8080/beio/sys/querySessionMember','10000','2017-04-09 12:49:49.558'),(545,'127.0.0.1','/sys/queryTip.action','','http://localhost:8080/beio/sys/queryTip.action','10000','2017-04-09 12:50:04.635'),(546,'127.0.0.1','/sys/queryRegex.action','','http://localhost:8080/beio/sys/queryRegex.action','10000','2017-04-09 12:50:04.680'),(547,'127.0.0.1','/sys/querySessionMember','','http://localhost:8080/beio/sys/querySessionMember','10000','2017-04-09 12:50:04.725'),(548,'127.0.0.1','/sys/querySessionMember','','http://localhost:8080/beio/sys/querySessionMember','10000','2017-04-09 12:50:18.777'),(549,'127.0.0.1','/sys/querySessionMember','','http://localhost:8080/beio/sys/querySessionMember','10000','2017-04-09 12:50:23.256'),(550,'127.0.0.1','/sys/querySessionMember','','http://localhost:8080/beio/sys/querySessionMember','10000','2017-04-09 12:51:29.698'),(551,'127.0.0.1','/sys/queryTip.action','','http://localhost:8080/beio/sys/queryTip.action','10000','2017-04-09 12:55:25.559'),(552,'127.0.0.1','/sys/queryRegex.action','','http://localhost:8080/beio/sys/queryRegex.action','10000','2017-04-09 12:55:25.598'),(553,'127.0.0.1','/sys/querySessionMember','','http://localhost:8080/beio/sys/querySessionMember','10000','2017-04-09 12:55:25.636'),(554,'127.0.0.1','/sys/queryTip.action','','http://localhost:8080/beio/sys/queryTip.action','','2017-04-09 12:55:45.802'),(555,'127.0.0.1','/sys/queryRegex.action','','http://localhost:8080/beio/sys/queryRegex.action','','2017-04-09 12:55:45.841'),(556,'127.0.0.1','/sys/querySessionMember','','http://localhost:8080/beio/sys/querySessionMember','','2017-04-09 12:55:45.885'),(557,'127.0.0.1','/image/verifyCode','','http://localhost:8080/beio/image/verifyCode','','2017-04-09 12:55:45.954'),(558,'127.0.0.1','/sys/login','?mr.mobile=15810585235&mr.password=111aaa&mr.imgVerifyCode=pt','http://localhost:8080/beio/sys/login','','2017-04-09 12:55:54.581'),(559,'127.0.0.1','/sys/login','?mr.mobile=15810585235&mr.password=111aaa&mr.imgVerifyCode=ptd4','http://localhost:8080/beio/sys/login','','2017-04-09 12:55:57.384'),(560,'127.0.0.1','/sys/modifyMemberInfo','?mr.nickName=11&mr.email=271000162@qq.com&mr.sex=1&mr.birthday=1990-04-27 00:00:00.000&mr.hobby=11','http://localhost:8080/beio/sys/modifyMemberInfo','10000','2017-04-09 12:56:00.137'),(561,'127.0.0.1','/sys/queryTip.action','','http://localhost:8080/beio/sys/queryTip.action','10000','2017-04-09 12:56:05.205'),(562,'127.0.0.1','/sys/queryRegex.action','','http://localhost:8080/beio/sys/queryRegex.action','10000','2017-04-09 12:56:05.271'),(563,'127.0.0.1','/sys/querySessionMember','','http://localhost:8080/beio/sys/querySessionMember','10000','2017-04-09 12:56:05.309'),(564,'127.0.0.1','/sys/querySessionMember','','http://localhost:8080/beio/sys/querySessionMember','10000','2017-04-09 12:56:30.919'),(565,'127.0.0.1','/sys/querySessionMember','','http://localhost:8080/beio/sys/querySessionMember','10000','2017-04-09 12:57:08.276'),(566,'127.0.0.1','/sys/querySessionMember','','http://localhost:8080/beio/sys/querySessionMember','','2017-04-09 12:57:25.445'),(567,'127.0.0.1','/sys/queryTip.action','','http://localhost:8080/beio/sys/queryTip.action','','2017-04-09 12:57:25.488'),(568,'127.0.0.1','/sys/queryRegex.action','','http://localhost:8080/beio/sys/queryRegex.action','','2017-04-09 12:57:25.533'),(569,'127.0.0.1','/sys/querySessionMember','','http://localhost:8080/beio/sys/querySessionMember','','2017-04-09 12:57:26.167'),(570,'127.0.0.1','/sys/querySessionMember','','http://localhost:8080/beio/sys/querySessionMember','','2017-04-09 13:00:32.271'),(571,'127.0.0.1','/sys/querySessionMember','','http://localhost:8080/beio/sys/querySessionMember','','2017-04-09 13:00:33.048'),(572,'127.0.0.1','/sys/querySessionMember','','http://localhost:8080/beio/sys/querySessionMember','','2017-04-09 13:00:33.684'),(573,'127.0.0.1','/sys/querySessionMember','','http://localhost:8080/beio/sys/querySessionMember','','2017-04-09 13:00:43.168'),(574,'127.0.0.1','/sys/querySessionMember','','http://localhost:8080/beio/sys/querySessionMember','','2017-04-09 13:00:44.865'),(575,'127.0.0.1','/sys/querySessionMember','','http://localhost:8080/beio/sys/querySessionMember','','2017-04-09 13:00:44.990'),(576,'127.0.0.1','/sys/querySessionMember','','http://localhost:8080/beio/sys/querySessionMember','','2017-04-09 13:00:49.979'),(577,'127.0.0.1','/sys/queryTip.action','','http://localhost:8080/beio/sys/queryTip.action','','2017-04-09 13:00:50.035'),(578,'127.0.0.1','/sys/queryRegex.action','','http://localhost:8080/beio/sys/queryRegex.action','','2017-04-09 13:00:50.072'),(579,'127.0.0.1','/sys/querySessionMember','','http://localhost:8080/beio/sys/querySessionMember','','2017-04-09 13:00:50.109'),(580,'127.0.0.1','/image/verifyCode','','http://localhost:8080/beio/image/verifyCode','','2017-04-09 13:00:50.154'),(581,'127.0.0.1','/sys/login','?mr.mobile=15810585235&mr.password=111aaa&mr.imgVerifyCode=d7gk','http://localhost:8080/beio/sys/login','','2017-04-09 13:01:01.801'),(582,'127.0.0.1','/sys/querySessionMember','','http://localhost:8080/beio/sys/querySessionMember','10000','2017-04-09 13:01:03.724'),(583,'127.0.0.1','/sys/querySessionMember','','http://localhost:8080/beio/sys/querySessionMember','10000','2017-04-09 13:01:15.915'),(584,'127.0.0.1','/sys/querySessionMember','','http://localhost:8080/beio/sys/querySessionMember','10000','2017-04-09 13:01:30.374'),(585,'127.0.0.1','/sys/querySessionMember','','http://localhost:8080/beio/sys/querySessionMember','10000','2017-04-09 13:01:31.512'),(586,'127.0.0.1','/sys/querySessionMember','','http://localhost:8080/beio/sys/querySessionMember','10000','2017-04-09 13:01:39.624'),(587,'127.0.0.1','/sys/querySessionMember','','http://localhost:8080/beio/sys/querySessionMember','10000','2017-04-09 13:01:41.250'),(588,'127.0.0.1','/sys/querySessionMember','','http://localhost:8080/beio/sys/querySessionMember','10000','2017-04-09 13:01:41.293'),(589,'127.0.0.1','/sys/querySessionMember','','http://localhost:8080/beio/sys/querySessionMember','10000','2017-04-09 13:01:42.885'),(590,'127.0.0.1','/sys/querySessionMember','','http://localhost:8080/beio/sys/querySessionMember','10000','2017-04-09 13:01:44.028'),(591,'127.0.0.1','/sys/querySessionMember','','http://localhost:8080/beio/sys/querySessionMember','10000','2017-04-09 13:01:44.161'),(592,'127.0.0.1','/sys/querySessionMember','','http://localhost:8080/beio/sys/querySessionMember','10000','2017-04-09 13:01:45.325'),(593,'127.0.0.1','/sys/querySessionMember','','http://localhost:8080/beio/sys/querySessionMember','10000','2017-04-09 13:01:46.308'),(594,'127.0.0.1','/sys/querySessionMember','','http://localhost:8080/beio/sys/querySessionMember','10000','2017-04-09 13:01:46.367'),(595,'127.0.0.1','/sys/querySessionMember','','http://localhost:8080/beio/sys/querySessionMember','10000','2017-04-09 13:01:48.269'),(596,'127.0.0.1','/sys/querySessionMember','','http://localhost:8080/beio/sys/querySessionMember','10000','2017-04-09 13:01:49.863'),(597,'127.0.0.1','/sys/querySessionMember','','http://localhost:8080/beio/sys/querySessionMember','10000','2017-04-09 13:01:49.927'),(598,'127.0.0.1','/goods/queryTopInfo','','http://localhost:8080/beio/goods/queryTopInfo','','2017-04-09 14:22:05.994'),(599,'127.0.0.1','/goods/queryTopInfo','','http://localhost:8080/beio/goods/queryTopInfo','','2017-04-09 14:22:06.159'),(600,'127.0.0.1','/goods/queryTopInfo','','http://localhost:8080/beio/goods/queryTopInfo','','2017-04-09 14:23:30.980'),(601,'127.0.0.1','/goods/queryTopInfo','','http://localhost:8080/beio/goods/queryTopInfo','','2017-04-09 14:23:31.207'),(602,'127.0.0.1','/goods/queryTopInfo','','http://localhost:8080/beio/goods/queryTopInfo','','2017-04-09 14:23:46.717'),(603,'127.0.0.1','/goods/queryTopInfo','','http://localhost:8080/beio/goods/queryTopInfo','','2017-04-09 14:23:52.958'),(604,'127.0.0.1','/goods/queryTopInfo','','http://localhost:8080/beio/goods/queryTopInfo','','2017-04-09 14:24:02.554'),(605,'127.0.0.1','/goods/queryTopInfo','','http://localhost:8080/beio/goods/queryTopInfo','','2017-04-09 14:24:35.153'),(606,'127.0.0.1','/goods/queryTopInfo','','http://localhost:8080/beio/goods/queryTopInfo','','2017-04-09 14:25:02.338'),(607,'127.0.0.1','/goods/queryTopInfo','','http://localhost:8080/beio/goods/queryTopInfo','','2017-04-09 14:25:08.395'),(608,'127.0.0.1','/goods/queryTopInfo','','http://localhost:8080/beio/goods/queryTopInfo','','2017-04-09 14:25:15.426'),(609,'127.0.0.1','/goods/queryTopInfo','','http://localhost:8080/beio/goods/queryTopInfo','','2017-04-09 14:25:20.289'),(610,'127.0.0.1','/goods/queryTopInfo','','http://localhost:8080/beio/goods/queryTopInfo','','2017-04-09 14:27:34.796'),(611,'127.0.0.1','/goods/queryTopInfo','','http://localhost:8080/beio/goods/queryTopInfo','','2017-04-09 14:27:43.258'),(612,'127.0.0.1','/goods/queryTopInfo','','http://localhost:8080/beio/goods/queryTopInfo','','2017-04-09 14:28:13.293'),(613,'127.0.0.1','/goods/queryTopInfo','','http://localhost:8080/beio/goods/queryTopInfo','','2017-04-09 14:28:33.528'),(614,'127.0.0.1','/goods/queryTopInfo','','http://localhost:8080/beio/goods/queryTopInfo','','2017-04-09 14:29:51.265'),(615,'127.0.0.1','/goods/queryTopInfo','','http://localhost:8080/beio/goods/queryTopInfo','','2017-04-09 14:29:51.317'),(616,'127.0.0.1','/goods/queryTopInfo','','http://localhost:8080/beio/goods/queryTopInfo','','2017-04-09 14:30:49.232'),(617,'127.0.0.1','/goods/queryTopInfo','','http://localhost:8080/beio/goods/queryTopInfo','','2017-04-09 14:30:49.272'),(618,'127.0.0.1','/goods/queryTopInfo','','http://localhost:8080/beio/goods/queryTopInfo','','2017-04-09 14:31:50.048'),(619,'127.0.0.1','/goods/queryTopInfo','','http://localhost:8080/beio/goods/queryTopInfo','','2017-04-09 14:33:04.923'),(620,'127.0.0.1','/goods/queryTopInfo','','http://localhost:8080/beio/goods/queryTopInfo','','2017-04-09 14:33:24.319'),(621,'127.0.0.1','/goods/queryTopInfo','','http://localhost:8080/beio/goods/queryTopInfo','','2017-04-09 15:15:35.734'),(622,'127.0.0.1','/goods/queryTopInfo','','http://localhost:8080/beio/goods/queryTopInfo','','2017-04-09 15:17:36.209'),(623,'127.0.0.1','/sys/querySessionMember','','http://localhost:8080/beio/sys/querySessionMember','','2017-04-09 15:17:39.212'),(624,'127.0.0.1','/goods/queryTopInfo','','http://localhost:8080/beio/goods/queryTopInfo','','2017-04-09 15:17:39.260'),(625,'127.0.0.1','/sys/querySessionMember','','http://localhost:8080/beio/sys/querySessionMember','','2017-04-09 15:17:55.895'),(626,'127.0.0.1','/image/verifyCode','','http://localhost:8080/beio/image/verifyCode','','2017-04-09 15:17:56.001'),(627,'127.0.0.1','/sys/querySessionMember','','http://localhost:8080/beio/sys/querySessionMember','','2017-04-09 15:18:10.562'),(628,'127.0.0.1','/goods/queryTopInfo','','http://localhost:8080/beio/goods/queryTopInfo','','2017-04-09 15:18:10.606'),(629,'127.0.0.1','/sys/querySessionMember','','http://localhost:8080/beio/sys/querySessionMember','','2017-04-09 15:18:11.687'),(630,'127.0.0.1','/image/verifyCode','','http://localhost:8080/beio/image/verifyCode','','2017-04-09 15:18:11.806'),(631,'127.0.0.1','/sys/querySessionMember','','http://localhost:8080/beio/sys/querySessionMember','','2017-04-09 15:18:19.175'),(632,'127.0.0.1','/sys/querySessionMember','','http://localhost:8080/beio/sys/querySessionMember','','2017-04-09 15:18:19.233'),(633,'127.0.0.1','/image/verifyCode','','http://localhost:8080/beio/image/verifyCode','','2017-04-09 15:18:19.279'),(634,'127.0.0.1','/sys/querySessionMember','','http://localhost:8080/beio/sys/querySessionMember','','2017-04-09 15:18:19.769'),(635,'127.0.0.1','/sys/querySessionMember','','http://localhost:8080/beio/sys/querySessionMember','','2017-04-09 15:18:19.814'),(636,'127.0.0.1','/image/verifyCode','','http://localhost:8080/beio/image/verifyCode','','2017-04-09 15:18:19.866'),(637,'127.0.0.1','/sys/querySessionMember','','http://localhost:8080/beio/sys/querySessionMember','','2017-04-09 15:21:12.367'),(638,'127.0.0.1','/goods/queryTopInfo','','http://localhost:8080/beio/goods/queryTopInfo','','2017-04-09 15:21:12.410'),(639,'127.0.0.1','/sys/querySessionMember','','http://localhost:8080/beio/sys/querySessionMember','','2017-04-09 15:21:12.462'),(640,'127.0.0.1','/image/verifyCode','','http://localhost:8080/beio/image/verifyCode','','2017-04-09 15:21:12.504'),(641,'127.0.0.1','/sys/querySessionMember','','http://localhost:8080/beio/sys/querySessionMember','','2017-04-09 15:21:16.767'),(642,'127.0.0.1','/goods/queryTopInfo','','http://localhost:8080/beio/goods/queryTopInfo','','2017-04-09 15:21:16.810'),(643,'127.0.0.1','/sys/querySessionMember','','http://localhost:8080/beio/sys/querySessionMember','','2017-04-09 15:21:16.860'),(644,'127.0.0.1','/image/verifyCode','','http://localhost:8080/beio/image/verifyCode','','2017-04-09 15:21:16.901'),(645,'127.0.0.1','/sys/querySessionMember','','http://localhost:8080/beio/sys/querySessionMember','','2017-04-09 15:21:17.295'),(646,'127.0.0.1','/goods/queryTopInfo','','http://localhost:8080/beio/goods/queryTopInfo','','2017-04-09 15:21:17.336'),(647,'127.0.0.1','/sys/querySessionMember','','http://localhost:8080/beio/sys/querySessionMember','','2017-04-09 15:21:17.378'),(648,'127.0.0.1','/image/verifyCode','','http://localhost:8080/beio/image/verifyCode','','2017-04-09 15:21:17.419'),(649,'127.0.0.1','/sys/querySessionMember','','http://localhost:8080/beio/sys/querySessionMember','','2017-04-09 15:21:33.932'),(650,'127.0.0.1','/goods/queryTopInfo','','http://localhost:8080/beio/goods/queryTopInfo','','2017-04-09 15:21:33.990'),(651,'127.0.0.1','/sys/querySessionMember','','http://localhost:8080/beio/sys/querySessionMember','','2017-04-09 15:21:34.038'),(652,'127.0.0.1','/image/verifyCode','','http://localhost:8080/beio/image/verifyCode','','2017-04-09 15:21:34.081'),(653,'127.0.0.1','/sys/querySessionMember','','http://localhost:8080/beio/sys/querySessionMember','','2017-04-09 15:21:34.458'),(654,'127.0.0.1','/goods/queryTopInfo','','http://localhost:8080/beio/goods/queryTopInfo','','2017-04-09 15:21:34.506'),(655,'127.0.0.1','/sys/querySessionMember','','http://localhost:8080/beio/sys/querySessionMember','','2017-04-09 15:21:34.579'),(656,'127.0.0.1','/image/verifyCode','','http://localhost:8080/beio/image/verifyCode','','2017-04-09 15:21:34.623'),(657,'127.0.0.1','/sys/querySessionMember','','http://localhost:8080/beio/sys/querySessionMember','','2017-04-09 15:21:44.611'),(658,'127.0.0.1','/goods/queryTopInfo','','http://localhost:8080/beio/goods/queryTopInfo','','2017-04-09 15:21:44.663'),(659,'127.0.0.1','/sys/querySessionMember','','http://localhost:8080/beio/sys/querySessionMember','','2017-04-09 15:21:50.516'),(660,'127.0.0.1','/goods/queryTopInfo','','http://localhost:8080/beio/goods/queryTopInfo','','2017-04-09 15:21:50.557'),(661,'127.0.0.1','/sys/querySessionMember','','http://localhost:8080/beio/sys/querySessionMember','','2017-04-09 15:22:10.734'),(662,'127.0.0.1','/goods/queryTopInfo','','http://localhost:8080/beio/goods/queryTopInfo','','2017-04-09 15:22:10.872'),(663,'127.0.0.1','/sys/querySessionMember','','http://localhost:8080/beio/sys/querySessionMember','','2017-04-09 15:22:19.917'),(664,'127.0.0.1','/goods/queryTopInfo','','http://localhost:8080/beio/goods/queryTopInfo','','2017-04-09 15:22:19.964'),(665,'127.0.0.1','/sys/querySessionMember','','http://localhost:8080/beio/sys/querySessionMember','','2017-04-09 15:22:29.864'),(666,'127.0.0.1','/goods/queryTopInfo','','http://localhost:8080/beio/goods/queryTopInfo','','2017-04-09 15:22:29.922'),(667,'127.0.0.1','/sys/querySessionMember','','http://localhost:8080/beio/sys/querySessionMember','','2017-04-09 15:22:40.799'),(668,'127.0.0.1','/goods/queryTopInfo','','http://localhost:8080/beio/goods/queryTopInfo','','2017-04-09 15:22:40.950'),(669,'127.0.0.1','/sys/querySessionMember','','http://localhost:8080/beio/sys/querySessionMember','','2017-04-09 15:23:08.637'),(670,'127.0.0.1','/goods/queryTopInfo','','http://localhost:8080/beio/goods/queryTopInfo','','2017-04-09 15:23:08.676'),(671,'127.0.0.1','/sys/querySessionMember','','http://localhost:8080/beio/sys/querySessionMember','','2017-04-09 15:28:57.861'),(672,'127.0.0.1','/goods/queryTopInfo','','http://localhost:8080/beio/goods/queryTopInfo','','2017-04-09 15:28:58.099'),(673,'127.0.0.1','/sys/querySessionMember','','http://localhost:8080/beio/sys/querySessionMember','','2017-04-09 15:29:45.423'),(674,'127.0.0.1','/goods/queryTopInfo','','http://localhost:8080/beio/goods/queryTopInfo','','2017-04-09 15:29:45.501'),(675,'127.0.0.1','/sys/querySessionMember','','http://localhost:8080/beio/sys/querySessionMember','','2017-04-09 15:30:17.151'),(676,'127.0.0.1','/goods/queryTopInfo','','http://localhost:8080/beio/goods/queryTopInfo','','2017-04-09 15:30:17.207'),(677,'127.0.0.1','/sys/querySessionMember','','http://localhost:8080/beio/sys/querySessionMember','','2017-04-09 15:31:19.694'),(678,'127.0.0.1','/goods/queryTopInfo','','http://localhost:8080/beio/goods/queryTopInfo','','2017-04-09 15:31:19.744'),(679,'127.0.0.1','/sys/queryTip.action','','http://localhost:8080/beio/sys/queryTip.action','','2017-04-09 15:31:24.679'),(680,'127.0.0.1','/sys/queryRegex.action','','http://localhost:8080/beio/sys/queryRegex.action','','2017-04-09 15:31:24.783'),(681,'127.0.0.1','/sys/querySessionMember','','http://localhost:8080/beio/sys/querySessionMember','','2017-04-09 15:31:44.024'),(682,'127.0.0.1','/goods/queryTopInfo','','http://localhost:8080/beio/goods/queryTopInfo','','2017-04-09 15:31:44.079'),(683,'127.0.0.1','/sys/querySessionMember','','http://localhost:8080/beio/sys/querySessionMember','','2017-04-09 15:33:55.979'),(684,'127.0.0.1','/goods/queryTopInfo','','http://localhost:8080/beio/goods/queryTopInfo','','2017-04-09 15:33:56.034'),(685,'127.0.0.1','/sys/querySessionMember','','http://localhost:8080/beio/sys/querySessionMember','','2017-04-09 15:36:17.310'),(686,'127.0.0.1','/goods/queryTopInfo','','http://localhost:8080/beio/goods/queryTopInfo','','2017-04-09 15:36:17.394'),(687,'127.0.0.1','/sys/querySessionMember','','http://localhost:8080/beio/sys/querySessionMember','','2017-04-09 15:36:29.564'),(688,'127.0.0.1','/goods/queryTopInfo','','http://localhost:8080/beio/goods/queryTopInfo','','2017-04-09 15:36:29.715'),(689,'127.0.0.1','/sys/querySessionMember','','http://localhost:8080/beio/sys/querySessionMember','','2017-04-09 15:39:23.732'),(690,'127.0.0.1','/goods/queryTopInfo','','http://localhost:8080/beio/goods/queryTopInfo','','2017-04-09 15:39:23.789'),(691,'127.0.0.1','/sys/querySessionMember','','http://localhost:8080/beio/sys/querySessionMember','','2017-04-09 15:40:10.080'),(692,'127.0.0.1','/goods/queryTopInfo','','http://localhost:8080/beio/goods/queryTopInfo','','2017-04-09 15:40:10.324'),(693,'127.0.0.1','/sys/querySessionMember','','http://localhost:8080/beio/sys/querySessionMember','','2017-04-09 15:47:45.883'),(694,'127.0.0.1','/goods/queryTopInfo','','http://localhost:8080/beio/goods/queryTopInfo','','2017-04-09 15:47:45.943'),(695,'127.0.0.1','/sys/querySessionMember','','http://localhost:8080/beio/sys/querySessionMember','','2017-04-09 15:48:22.296'),(696,'127.0.0.1','/goods/queryTopInfo','','http://localhost:8080/beio/goods/queryTopInfo','','2017-04-09 15:48:22.369'),(697,'127.0.0.1','/sys/querySessionMember','','http://localhost:8080/beio/sys/querySessionMember','','2017-04-09 15:48:47.312'),(698,'127.0.0.1','/goods/queryTopInfo','','http://localhost:8080/beio/goods/queryTopInfo','','2017-04-09 15:48:47.367'),(699,'127.0.0.1','/sys/querySessionMember','','http://localhost:8080/beio/sys/querySessionMember','','2017-04-09 15:48:56.133'),(700,'127.0.0.1','/goods/queryTopInfo','','http://localhost:8080/beio/goods/queryTopInfo','','2017-04-09 15:48:56.205'),(701,'127.0.0.1','/sys/querySessionMember','','http://localhost:8080/beio/sys/querySessionMember','','2017-04-09 15:49:05.837'),(702,'127.0.0.1','/goods/queryTopInfo','','http://localhost:8080/beio/goods/queryTopInfo','','2017-04-09 15:49:05.915'),(703,'127.0.0.1','/sys/querySessionMember','','http://localhost:8080/beio/sys/querySessionMember','','2017-04-09 15:49:40.229'),(704,'127.0.0.1','/goods/queryTopInfo','','http://localhost:8080/beio/goods/queryTopInfo','','2017-04-09 15:49:40.301'),(705,'127.0.0.1','/sys/querySessionMember','','http://localhost:8080/beio/sys/querySessionMember','','2017-04-09 15:50:16.403'),(706,'127.0.0.1','/goods/queryTopInfo','','http://localhost:8080/beio/goods/queryTopInfo','','2017-04-09 15:50:16.460'),(707,'127.0.0.1','/sys/querySessionMember','','http://localhost:8080/beio/sys/querySessionMember','','2017-04-09 15:50:19.928'),(708,'127.0.0.1','/goods/queryTopInfo','','http://localhost:8080/beio/goods/queryTopInfo','','2017-04-09 15:50:20.061'),(709,'127.0.0.1','/sys/querySessionMember','','http://localhost:8080/beio/sys/querySessionMember','','2017-04-09 15:51:22.141'),(710,'127.0.0.1','/goods/queryTopInfo','','http://localhost:8080/beio/goods/queryTopInfo','','2017-04-09 15:51:22.182'),(711,'127.0.0.1','/sys/querySessionMember','','http://localhost:8080/beio/sys/querySessionMember','','2017-04-09 15:51:22.732'),(712,'127.0.0.1','/goods/queryTopInfo','','http://localhost:8080/beio/goods/queryTopInfo','','2017-04-09 15:51:22.791'),(713,'127.0.0.1','/sys/querySessionMember','','http://localhost:8080/beio/sys/querySessionMember','','2017-04-09 15:52:04.414'),(714,'127.0.0.1','/goods/queryTopInfo','','http://localhost:8080/beio/goods/queryTopInfo','','2017-04-09 15:52:04.457'),(715,'127.0.0.1','/sys/querySessionMember','','http://localhost:8080/beio/sys/querySessionMember','','2017-04-09 15:52:04.547'),(716,'127.0.0.1','/goods/queryTopInfo','','http://localhost:8080/beio/goods/queryTopInfo','','2017-04-09 15:52:04.584'),(717,'127.0.0.1','/sys/querySessionMember','','http://localhost:8080/beio/sys/querySessionMember','','2017-04-09 16:00:49.683'),(718,'127.0.0.1','/sys/querySessionMember','','http://localhost:8080/beio/sys/querySessionMember','','2017-04-09 16:00:51.495'),(719,'127.0.0.1','/sys/querySessionMember','','http://localhost:8080/beio/sys/querySessionMember','','2017-04-09 16:00:53.540'),(720,'127.0.0.1','/sys/querySessionMember','','http://localhost:8080/beio/sys/querySessionMember','','2017-04-09 16:01:14.047'),(721,'127.0.0.1','/sys/querySessionMember','','http://localhost:8080/beio/sys/querySessionMember','','2017-04-09 16:01:15.080'),(722,'127.0.0.1','/sys/querySessionMember','','http://localhost:8080/beio/sys/querySessionMember','','2017-04-09 16:01:15.378'),(723,'127.0.0.1','/sys/querySessionMember','','http://localhost:8080/beio/sys/querySessionMember','','2017-04-09 16:01:42.857'),(724,'127.0.0.1','/sys/querySessionMember','','http://localhost:8080/beio/sys/querySessionMember','','2017-04-09 16:01:44.151'),(725,'127.0.0.1','/sys/querySessionMember','','http://localhost:8080/beio/sys/querySessionMember','','2017-04-09 16:01:57.342'),(726,'127.0.0.1','/sys/querySessionMember','','http://localhost:8080/beio/sys/querySessionMember','','2017-04-09 16:01:57.424'),(727,'127.0.0.1','/image/verifyCode','','http://localhost:8080/beio/image/verifyCode','','2017-04-09 16:01:57.486'),(728,'127.0.0.1','/sys/login','?mr.mobile=15810585235&mr.password=111aaa&mr.imgVerifyCode=ccfs','http://localhost:8080/beio/sys/login','','2017-04-09 16:02:05.722'),(729,'127.0.0.1','/sys/querySessionMember','','http://localhost:8080/beio/sys/querySessionMember','10000','2017-04-09 16:02:09.560'),(730,'127.0.0.1','/sys/querySessionMember','','http://localhost:8080/beio/sys/querySessionMember','10000','2017-04-09 16:02:32.002'),(731,'127.0.0.1','/goods/queryTopInfo','','http://localhost:8080/beio/goods/queryTopInfo','10000','2017-04-09 16:02:32.075'),(732,'127.0.0.1','/sys/querySessionMember','','http://localhost:8080/beio/sys/querySessionMember','','2017-04-09 16:03:44.944'),(733,'127.0.0.1','/sys/querySessionMember','','http://localhost:8080/beio/sys/querySessionMember','','2017-04-09 16:03:46.012'),(734,'127.0.0.1','/sys/querySessionMember','','http://localhost:8080/beio/sys/querySessionMember','','2017-04-09 16:03:46.679'),(735,'127.0.0.1','/sys/querySessionMember','','http://localhost:8080/beio/sys/querySessionMember','','2017-04-09 16:03:46.904'),(736,'127.0.0.1','/sys/querySessionMember','','http://localhost:8080/beio/sys/querySessionMember','','2017-04-09 16:03:47.210'),(737,'127.0.0.1','/sys/querySessionMember','','http://localhost:8080/beio/sys/querySessionMember','','2017-04-09 16:04:18.361'),(738,'127.0.0.1','/sys/querySessionMember','','http://localhost:8080/beio/sys/querySessionMember','','2017-04-09 16:10:56.348'),(739,'127.0.0.1','/sys/querySessionMember','','http://localhost:8080/beio/sys/querySessionMember','','2017-04-09 16:10:57.042'),(740,'127.0.0.1','/sys/querySessionMember','','http://localhost:8080/beio/sys/querySessionMember','','2017-04-09 16:10:57.235'),(741,'127.0.0.1','/sys/querySessionMember','','http://localhost:8080/beio/sys/querySessionMember','','2017-04-09 16:11:30.486'),(742,'127.0.0.1','/sys/querySessionMember','','http://localhost:8080/beio/sys/querySessionMember','','2017-04-09 16:11:30.990'),(743,'127.0.0.1','/sys/querySessionMember','','http://localhost:8080/beio/sys/querySessionMember','','2017-04-09 16:11:31.181'),(744,'127.0.0.1','/sys/querySessionMember','','http://localhost:8080/beio/sys/querySessionMember','','2017-04-09 16:11:32.165'),(745,'127.0.0.1','/sys/querySessionMember','','http://localhost:8080/beio/sys/querySessionMember','','2017-04-09 16:11:32.356'),(746,'127.0.0.1','/sys/querySessionMember','','http://localhost:8080/beio/sys/querySessionMember','','2017-04-09 16:11:32.530'),(747,'127.0.0.1','/sys/querySessionMember','','http://localhost:8080/beio/sys/querySessionMember','','2017-04-09 16:11:32.657'),(748,'127.0.0.1','/sys/querySessionMember','','http://localhost:8080/beio/sys/querySessionMember','','2017-04-09 16:12:41.097'),(749,'127.0.0.1','/sys/querySessionMember','','http://localhost:8080/beio/sys/querySessionMember','','2017-04-09 16:12:41.470'),(750,'127.0.0.1','/sys/querySessionMember','','http://localhost:8080/beio/sys/querySessionMember','','2017-04-09 16:12:41.651'),(751,'127.0.0.1','/sys/querySessionMember','','http://localhost:8080/beio/sys/querySessionMember','','2017-04-09 16:13:00.780'),(752,'127.0.0.1','/goods/queryTopInfo','','http://localhost:8080/beio/goods/queryTopInfo','','2017-04-09 16:13:01.735'),(753,'127.0.0.1','/sys/queryTip.action','','http://localhost:8080/beio/sys/queryTip.action','','2017-04-09 16:13:03.392'),(754,'127.0.0.1','/sys/queryRegex.action','','http://localhost:8080/beio/sys/queryRegex.action','','2017-04-09 16:13:03.445'),(755,'127.0.0.1','/sys/querySessionMember','','http://localhost:8080/beio/sys/querySessionMember','','2017-04-09 16:13:13.837'),(756,'127.0.0.1','/goods/queryTopInfo','','http://localhost:8080/beio/goods/queryTopInfo','','2017-04-09 16:13:14.918'),(757,'127.0.0.1','/sys/querySessionMember','','http://localhost:8080/beio/sys/querySessionMember','','2017-04-09 16:14:32.934'),(758,'127.0.0.1','/goods/queryTopInfo','','http://localhost:8080/beio/goods/queryTopInfo','','2017-04-09 16:14:32.988'),(759,'127.0.0.1','/sys/querySessionMember','','http://localhost:8080/beio/sys/querySessionMember','','2017-04-09 16:14:40.906'),(760,'127.0.0.1','/goods/queryTopInfo','','http://localhost:8080/beio/goods/queryTopInfo','','2017-04-09 16:14:40.964'),(761,'127.0.0.1','/sys/querySessionMember','','http://localhost:8080/beio/sys/querySessionMember','','2017-04-09 16:14:45.903'),(762,'127.0.0.1','/goods/queryTopInfo','','http://localhost:8080/beio/goods/queryTopInfo','','2017-04-09 16:14:45.970'),(763,'127.0.0.1','/sys/querySessionMember','','http://localhost:8080/beio/sys/querySessionMember','','2017-04-09 16:14:47.092'),(764,'127.0.0.1','/goods/queryTopInfo','','http://localhost:8080/beio/goods/queryTopInfo','','2017-04-09 16:14:47.148'),(765,'127.0.0.1','/sys/querySessionMember','','http://localhost:8080/beio/sys/querySessionMember','','2017-04-09 16:17:57.515'),(766,'127.0.0.1','/goods/queryTopInfo','','http://localhost:8080/beio/goods/queryTopInfo','','2017-04-09 16:17:57.787'),(767,'127.0.0.1','/sys/querySessionMember','','http://localhost:8080/beio/sys/querySessionMember','','2017-04-09 16:18:12.393'),(768,'127.0.0.1','/goods/queryTopInfo','','http://localhost:8080/beio/goods/queryTopInfo','','2017-04-09 16:18:12.467'),(769,'127.0.0.1','/sys/querySessionMember','','http://localhost:8080/beio/sys/querySessionMember','','2017-04-09 16:18:32.004'),(770,'127.0.0.1','/goods/queryTopInfo','','http://localhost:8080/beio/goods/queryTopInfo','','2017-04-09 16:18:32.081'),(771,'127.0.0.1','/sys/queryTip.action','','http://localhost:8080/beio/sys/queryTip.action','','2017-04-09 16:18:32.138'),(772,'127.0.0.1','/sys/queryRegex.action','','http://localhost:8080/beio/sys/queryRegex.action','','2017-04-09 16:18:32.193'),(773,'127.0.0.1','/sys/querySessionMember','','http://localhost:8080/beio/sys/querySessionMember','','2017-04-09 16:18:32.244'),(774,'127.0.0.1','/image/verifyCode','','http://localhost:8080/beio/image/verifyCode','','2017-04-09 16:18:32.296'),(775,'127.0.0.1','/sys/login','?mr.mobile=15810585235&mr.password=111aaa&mr.imgVerifyCode=cpkf','http://localhost:8080/beio/sys/login','','2017-04-09 16:18:40.544'),(776,'127.0.0.1','/sys/querySessionMember','','http://localhost:8080/beio/sys/querySessionMember','10000','2017-04-09 16:18:42.446'),(777,'127.0.0.1','/goods/queryTopInfo','','http://localhost:8080/beio/goods/queryTopInfo','10000','2017-04-09 16:18:42.488'),(778,'127.0.0.1','/sys/querySessionMember','','http://localhost:8080/beio/sys/querySessionMember','10000','2017-04-09 16:20:36.683'),(779,'127.0.0.1','/goods/queryTopInfo','','http://localhost:8080/beio/goods/queryTopInfo','10000','2017-04-09 16:20:36.745'),(780,'127.0.0.1','/sys/querySessionMember','','http://localhost:8080/beio/sys/querySessionMember','','2017-04-09 16:37:44.199'),(781,'127.0.0.1','/goods/queryTopInfo','','http://localhost:8080/beio/goods/queryTopInfo','','2017-04-09 16:37:44.470'),(782,'127.0.0.1','/sys/querySessionMember','','http://localhost:8080/beio/sys/querySessionMember','','2017-04-09 16:39:12.960'),(783,'127.0.0.1','/goods/queryTopInfo','','http://localhost:8080/beio/goods/queryTopInfo','','2017-04-09 16:39:13.040'),(784,'127.0.0.1','/sys/querySessionMember','','http://localhost:8080/beio/sys/querySessionMember','','2017-04-09 16:39:13.764'),(785,'127.0.0.1','/goods/queryTopInfo','','http://localhost:8080/beio/goods/queryTopInfo','','2017-04-09 16:39:13.814'),(786,'127.0.0.1','/sys/querySessionMember','','http://localhost:8080/beio/sys/querySessionMember','','2017-04-09 16:39:21.149'),(787,'127.0.0.1','/goods/queryTopInfo','','http://localhost:8080/beio/goods/queryTopInfo','','2017-04-09 16:39:21.204'),(788,'127.0.0.1','/sys/querySessionMember','','http://localhost:8080/beio/sys/querySessionMember','','2017-04-09 16:39:21.713'),(789,'127.0.0.1','/goods/queryTopInfo','','http://localhost:8080/beio/goods/queryTopInfo','','2017-04-09 16:39:21.760'),(790,'127.0.0.1','/sys/querySessionMember','','http://localhost:8080/beio/sys/querySessionMember','','2017-04-09 16:39:33.776'),(791,'127.0.0.1','/goods/queryTopInfo','','http://localhost:8080/beio/goods/queryTopInfo','','2017-04-09 16:39:33.832'),(792,'127.0.0.1','/goods/queryBanner.action','','http://localhost:8080/beio/goods/queryBanner.action','','2017-04-09 16:39:33.899'),(793,'127.0.0.1','/sys/querySessionMember','','http://localhost:8080/beio/sys/querySessionMember','','2017-04-09 16:39:37.669'),(794,'127.0.0.1','/goods/queryTopInfo','','http://localhost:8080/beio/goods/queryTopInfo','','2017-04-09 16:39:37.727'),(795,'127.0.0.1','/goods/queryBanner.action','','http://localhost:8080/beio/goods/queryBanner.action','','2017-04-09 16:39:37.774'),(796,'127.0.0.1','/sys/querySessionMember','','http://localhost:8080/beio/sys/querySessionMember','','2017-04-09 16:41:41.240'),(797,'127.0.0.1','/goods/queryTopInfo','','http://localhost:8080/beio/goods/queryTopInfo','','2017-04-09 16:41:41.493'),(798,'127.0.0.1','/goods/queryBanner.action','','http://localhost:8080/beio/goods/queryBanner.action','','2017-04-09 16:41:41.584'),(799,'127.0.0.1','/sys/querySessionMember','','http://localhost:8080/beio/sys/querySessionMember','','2017-04-09 16:42:07.012'),(800,'127.0.0.1','/goods/queryTopInfo','','http://localhost:8080/beio/goods/queryTopInfo','','2017-04-09 16:42:07.065'),(801,'127.0.0.1','/goods/queryBanner.action','','http://localhost:8080/beio/goods/queryBanner.action','','2017-04-09 16:42:07.141'),(802,'127.0.0.1','/sys/querySessionMember','','http://localhost:8080/beio/sys/querySessionMember','','2017-04-09 16:42:24.967'),(803,'127.0.0.1','/goods/queryTopInfo','','http://localhost:8080/beio/goods/queryTopInfo','','2017-04-09 16:42:25.040'),(804,'127.0.0.1','/goods/queryBanner.action','','http://localhost:8080/beio/goods/queryBanner.action','','2017-04-09 16:42:25.114'),(805,'127.0.0.1','/sys/querySessionMember','','http://localhost:8080/beio/sys/querySessionMember','','2017-04-09 16:42:29.572'),(806,'127.0.0.1','/goods/queryTopInfo','','http://localhost:8080/beio/goods/queryTopInfo','','2017-04-09 16:42:29.625'),(807,'127.0.0.1','/goods/queryBanner.action','','http://localhost:8080/beio/goods/queryBanner.action','','2017-04-09 16:42:29.674'),(808,'127.0.0.1','/sys/querySessionMember','','http://localhost:8080/beio/sys/querySessionMember','','2017-04-09 16:42:30.906'),(809,'127.0.0.1','/goods/queryTopInfo','','http://localhost:8080/beio/goods/queryTopInfo','','2017-04-09 16:42:30.946'),(810,'127.0.0.1','/goods/queryBanner.action','','http://localhost:8080/beio/goods/queryBanner.action','','2017-04-09 16:42:30.993'),(811,'127.0.0.1','/sys/querySessionMember','','http://localhost:8080/beio/sys/querySessionMember','','2017-04-09 16:42:31.617'),(812,'127.0.0.1','/goods/queryTopInfo','','http://localhost:8080/beio/goods/queryTopInfo','','2017-04-09 16:42:31.693'),(813,'127.0.0.1','/goods/queryBanner.action','','http://localhost:8080/beio/goods/queryBanner.action','','2017-04-09 16:42:31.742'),(814,'127.0.0.1','/sys/querySessionMember','','http://localhost:8080/beio/sys/querySessionMember','','2017-04-09 16:47:03.969'),(815,'127.0.0.1','/goods/queryTopInfo','','http://localhost:8080/beio/goods/queryTopInfo','','2017-04-09 16:47:04.030'),(816,'127.0.0.1','/goods/queryBanner.action','','http://localhost:8080/beio/goods/queryBanner.action','','2017-04-09 16:47:04.093'),(817,'127.0.0.1','/sys/querySessionMember','','http://localhost:8080/beio/sys/querySessionMember','','2017-04-09 16:47:07.437'),(818,'127.0.0.1','/goods/queryTopInfo','','http://localhost:8080/beio/goods/queryTopInfo','','2017-04-09 16:47:07.481'),(819,'127.0.0.1','/goods/queryBanner.action','','http://localhost:8080/beio/goods/queryBanner.action','','2017-04-09 16:47:07.534'),(820,'127.0.0.1','/sys/querySessionMember','','http://localhost:8080/beio/sys/querySessionMember','','2017-04-09 16:47:29.116'),(821,'127.0.0.1','/goods/queryTopInfo','','http://localhost:8080/beio/goods/queryTopInfo','','2017-04-09 16:47:29.163'),(822,'127.0.0.1','/sys/queryTip.action','','http://localhost:8080/beio/sys/queryTip.action','','2017-04-09 16:47:29.219'),(823,'127.0.0.1','/sys/queryRegex.action','','http://localhost:8080/beio/sys/queryRegex.action','','2017-04-09 16:47:29.269'),(824,'127.0.0.1','/goods/queryBanner.action','','http://localhost:8080/beio/goods/queryBanner.action','','2017-04-09 16:47:29.318'),(825,'127.0.0.1','/sys/querySessionMember','','http://localhost:8080/beio/sys/querySessionMember','','2017-04-09 16:47:30.566'),(826,'127.0.0.1','/goods/queryTopInfo','','http://localhost:8080/beio/goods/queryTopInfo','','2017-04-09 16:47:30.613'),(827,'127.0.0.1','/goods/queryBanner.action','','http://localhost:8080/beio/goods/queryBanner.action','','2017-04-09 16:47:30.666'),(828,'127.0.0.1','/sys/querySessionMember','','http://localhost:8080/beio/sys/querySessionMember','','2017-04-09 16:52:55.175'),(829,'127.0.0.1','/goods/queryTopInfo','','http://localhost:8080/beio/goods/queryTopInfo','','2017-04-09 16:52:55.216'),(830,'127.0.0.1','/goods/queryBanner.action','','http://localhost:8080/beio/goods/queryBanner.action','','2017-04-09 16:52:55.266'),(831,'127.0.0.1','/sys/querySessionMember','','http://localhost:8080/beio/sys/querySessionMember','','2017-04-09 16:54:01.383'),(832,'127.0.0.1','/goods/queryTopInfo','','http://localhost:8080/beio/goods/queryTopInfo','','2017-04-09 16:54:01.449'),(833,'127.0.0.1','/goods/queryBanner.action','','http://localhost:8080/beio/goods/queryBanner.action','','2017-04-09 16:54:01.504'),(834,'127.0.0.1','/sys/querySessionMember','','http://localhost:8080/beio/sys/querySessionMember','','2017-04-09 16:55:55.783'),(835,'127.0.0.1','/goods/queryTopInfo','','http://localhost:8080/beio/goods/queryTopInfo','','2017-04-09 16:55:55.845'),(836,'127.0.0.1','/goods/queryBanner.action','','http://localhost:8080/beio/goods/queryBanner.action','','2017-04-09 16:55:55.894'),(837,'127.0.0.1','/sys/querySessionMember','','http://localhost:8080/beio/sys/querySessionMember','','2017-04-09 16:59:13.784'),(838,'127.0.0.1','/goods/queryTopInfo','','http://localhost:8080/beio/goods/queryTopInfo','','2017-04-09 16:59:13.841'),(839,'127.0.0.1','/goods/queryBanner.action','','http://localhost:8080/beio/goods/queryBanner.action','','2017-04-09 16:59:13.892'),(840,'127.0.0.1','/sys/querySessionMember','','http://localhost:8080/beio/sys/querySessionMember','','2017-04-09 17:03:13.917'),(841,'127.0.0.1','/goods/queryTopInfo','','http://localhost:8080/beio/goods/queryTopInfo','','2017-04-09 17:03:13.958'),(842,'127.0.0.1','/goods/queryBanner.action','','http://localhost:8080/beio/goods/queryBanner.action','','2017-04-09 17:03:14.005');
/*!40000 ALTER TABLE `sys_visitlog` ENABLE KEYS */;
UNLOCK TABLES;

--
-- Dumping routines for database 'beio'
--
/*!40103 SET TIME_ZONE=@OLD_TIME_ZONE */;

/*!40101 SET SQL_MODE=@OLD_SQL_MODE */;
/*!40014 SET FOREIGN_KEY_CHECKS=@OLD_FOREIGN_KEY_CHECKS */;
/*!40014 SET UNIQUE_CHECKS=@OLD_UNIQUE_CHECKS */;
/*!40101 SET CHARACTER_SET_CLIENT=@OLD_CHARACTER_SET_CLIENT */;
/*!40101 SET CHARACTER_SET_RESULTS=@OLD_CHARACTER_SET_RESULTS */;
/*!40101 SET COLLATION_CONNECTION=@OLD_COLLATION_CONNECTION */;
/*!40111 SET SQL_NOTES=@OLD_SQL_NOTES */;

-- Dump completed on 2017-04-09 18:12:12
